#if you add a column to this table,,,,,,,,,,,,,,,,,,,,,,,,,,,,,,,,,,,,,,,,,,,,,,,,,,,,,,,
#you need to add it to all mp cp zm tables,,,,,,,,,,,,,,,,,,,,,,,,,,,,,,,,,,,,,,,,,,,,,,,,,,,,,,,
#also add it to enum eScoreInfoTableColumns and scoreevents_shared.gsh,,,,,,,,,,,,,,,,,,,,,,,,,,,,,,,,,,,,,,,,,,,,,,,,,,,,,,,
Script Reference ,Score String,Medal Reference,Medal Backing Material,Team Score Material,Killstreaks Allowed Score,Combat Efficiency Event,Hero Allowed Score,Save Medal Stats,Demo Bookmark Priority,DoubleXP,GunXP,Medal Category,Medal Sortkey,tdm score,tdm XP,dm score,dm XP,conf score,conf XP,ctf score,ctf XP,dom score,dom XP,dem score,dem XP,sd score,sd XP,sr score,sr XP,koth score,koth XP,hq score,hq XP,oic score,oic XP,sas score,sas XP,gun score,gun XP,shrp score,shrp XP,hack score,hack XP,coop score,coop XP,fr score,fr XP,ball score,ball XP,escort score,escort XP,clean score,clean XP,infect score,infect XP
kill,SCORE_KILL,,,,,combat_efficiency_bonus_1,TRUE,,,TRUE,TRUE,,,100,150,100,100,50,50,100,150,100,100,100,100,100,500,100,100,100,50,100,100,10,100,10,100,0,0,10,100,100,100,100,100,100,100,100,100,50,100,50,100,100,150
melee_kill,SCORE_MELEE_KILL,,,,,combat_efficiency_bonus_2,TRUE,,,,,,,0,0,0,0,0,0,0,0,0,0,0,0,0,0,0,0,0,0,0,0,0,0,-5,0,0,0,-5,0,0,0,0,0,0,0,0,0,0,0,0,0,0,0
assist_75,SCORE_ASSISTS,,,,,combat_efficiency_bonus_2,TRUE,,,TRUE,TRUE,,,50,75,0,0,50,25,50,75,50,75,50,75,50,75,50,75,50,75,50,75,0,0,0,0,0,0,0,0,0,0,50,75,0,0,50,75,25,25,25,25,50,75
assist_50,SCORE_ASSISTS,,,,,combat_efficiency_bonus_2,TRUE,,,TRUE,TRUE,,,25,50,0,0,25,25,25,50,25,50,25,50,25,50,25,50,25,50,25,50,0,0,0,0,0,0,0,0,0,0,25,50,0,0,25,50,15,25,15,25,25,50
assist_25,SCORE_ASSISTS,,,,,combat_efficiency_bonus_2,TRUE,,,TRUE,TRUE,,,25,25,0,0,25,25,25,25,25,25,25,25,25,25,25,25,25,25,25,25,0,0,0,0,0,0,0,0,0,0,25,25,0,0,25,25,15,25,15,25,25,25
assist_proximity,SCORE_ASSISTS_PROXIMITY,,,,,combat_efficiency_bonus_2,TRUE,,,TRUE,,,,50,50,0,0,50,50,50,50,50,50,50,50,50,50,50,50,50,50,50,50,0,0,0,0,0,0,0,0,0,0,50,50,0,0,50,50,50,50,50,50,50,50
assist_concussion,SCORE_ASSISTS_CONCUSSION,,,,,combat_efficiency_bonus_2,TRUE,,,TRUE,,,,50,50,0,0,50,50,50,50,50,50,50,50,50,50,50,50,50,50,50,50,0,0,0,0,0,0,0,0,0,0,50,50,0,0,50,50,50,50,50,50,50,50
assist_flash,SCORE_ASSISTS_FLASH,,,,,combat_efficiency_bonus_2,TRUE,,,TRUE,,,,50,50,0,0,50,50,50,50,50,50,50,50,50,50,50,50,50,50,50,50,0,0,0,0,0,0,0,0,0,0,50,50,0,0,50,50,50,50,50,50,50,50
assist_emp,SCORE_EMP_ASSIST,,,,,combat_efficiency_bonus_2,TRUE,,,TRUE,,,,50,50,0,0,50,50,50,50,50,50,50,50,50,50,50,50,50,50,50,50,0,0,0,0,0,0,0,0,0,0,50,50,0,0,50,50,50,50,50,50,50,50
shield_assist,SCORE_SHIELD_ASSIST,,,,,combat_efficiency_bonus_2,TRUE,,,TRUE,,,,50,50,0,0,50,50,50,50,50,50,50,50,50,50,50,50,50,50,50,50,0,0,0,0,0,0,0,0,0,0,50,50,0,0,50,50,50,50,50,50,50,50
shield_blocked_damage,SCORE_SHIELD_BLOCKED,,,,,,TRUE,,,TRUE,,,,25,25,25,25,25,25,25,25,25,25,25,25,25,25,25,25,25,25,25,25,0,0,0,0,0,0,0,0,0,0,25,25,25,25,25,25,25,25,25,25,25,25
shield_blocked_damage_reduced,SCORE_SHIELD_BLOCKED,,,,,,TRUE,,,TRUE,,,,10,10,10,10,10,10,10,10,10,10,10,10,10,10,10,10,10,10,10,10,0,0,0,0,0,0,0,0,0,0,10,10,10,10,10,10,10,10,10,10,10,10
uav_assist,SCORE_UAV_ASSIST,,,,,combat_efficiency_bonus_3,,,,TRUE,,,,10,10,10,10,10,10,10,10,10,10,10,10,10,10,10,10,10,10,10,10,0,0,0,0,0,0,0,0,0,0,10,10,10,10,10,10,10,10,10,10,10,10
counter_uav_assist,SCORE_COUNTER_UAV_ASSIST,,,,,combat_efficiency_bonus_3,,,,TRUE,,,,10,10,10,10,10,10,10,10,10,10,10,10,10,10,10,10,10,10,10,10,0,0,0,0,0,0,0,0,0,0,10,10,10,10,10,10,10,10,10,10,10,10
microwave_turret_assist,SCORE_MICROWAVE_TURRET_ASSIST,,,,,combat_efficiency_bonus_3,,,,TRUE,,,,10,10,10,10,10,10,10,10,10,10,10,10,10,10,10,10,10,10,10,10,0,0,0,0,0,0,0,0,0,0,10,10,10,10,10,10,10,10,10,10,10,10
satellite_assist,SCORE_SATELLITE_ASSIST,,,,,combat_efficiency_bonus_3,,,,TRUE,,,,10,10,10,10,10,10,10,10,10,10,10,10,10,10,10,10,10,10,10,10,0,0,0,0,0,0,0,0,0,0,10,10,10,10,10,10,10,10,10,10,10,10
emp_assist,SCORE_EMP_ASSIST,,,,,combat_efficiency_bonus_3,,,,TRUE,,,,10,10,10,10,10,10,10,10,10,10,10,10,10,10,10,10,10,10,10,10,0,0,0,0,0,0,0,0,0,0,10,10,10,10,10,10,10,10,10,10,10,10
aircraft_flare_assist,SCORE_AIRCRAFT_FLARE_ASSIST,,,,,combat_efficiency_bonus_2,TRUE,,,TRUE,,,,75,75,75,75,75,75,75,75,75,75,75,75,75,75,75,75,75,75,75,75,0,0,0,0,0,0,0,0,0,0,75,75,75,75,75,75,75,75,75,75,75,75
aircraft_destruction_assist_75,SCORE_AIRCRAFT_DESTRUCTION_ASSIST,,,,TRUE,combat_efficiency_bonus_2,TRUE,,,TRUE,,,,75,75,75,75,75,75,75,75,75,75,75,75,75,75,75,75,75,75,75,75,0,0,0,0,0,0,0,0,0,0,75,75,75,75,75,75,75,75,75,75,75,75
aircraft_destruction_assist_50,SCORE_AIRCRAFT_DESTRUCTION_ASSIST,,,,TRUE,combat_efficiency_bonus_2,TRUE,,,TRUE,,,,50,50,50,50,50,50,50,50,50,50,50,50,50,50,50,50,50,50,50,50,0,0,0,0,0,0,0,0,0,0,50,50,50,50,50,50,50,50,50,50,50,50
aircraft_destruction_assist_25,SCORE_AIRCRAFT_DESTRUCTION_ASSIST,,,,TRUE,combat_efficiency_bonus_2,TRUE,,,TRUE,,,,25,25,25,25,25,25,25,25,25,25,25,25,25,25,25,25,25,25,25,25,0,0,0,0,0,0,0,0,0,0,25,25,25,25,25,25,25,25,25,25,25,25
hacked,SCORE_HACKED,MEDAL_HACKED,t7_hud_medal_hacked,,,combat_efficiency_bonus_2,TRUE,,4,TRUE,,combat,,50,50,50,50,50,50,50,50,50,50,50,50,50,50,50,50,50,50,50,50,0,0,0,0,0,0,0,0,0,0,50,50,50,50,50,50,50,50,50,50,50,50
trophy_defense,SCORE_TROPHY_DEFENSE,,,,,combat_efficiency_bonus_2,TRUE,,,TRUE,,,,25,25,25,25,25,25,25,25,25,25,25,25,25,25,25,25,25,25,25,25,0,0,0,0,0,0,0,0,0,0,25,25,25,25,25,25,25,25,25,25,25,25
destroyed_claymore,SCORE_DESTROYED_CLAYMORE,,,,,combat_efficiency_bonus_2,TRUE,,4,TRUE,,,,50,50,50,50,50,50,50,50,50,50,50,50,50,50,50,50,50,50,50,50,0,0,0,0,0,0,0,0,0,0,50,50,50,50,50,50,50,50,50,50,50,50
destroyed_proxy,SCORE_DESTROYED_PROXY,,,,,combat_efficiency_bonus_2,TRUE,,4,TRUE,,,,50,50,50,50,50,50,50,50,50,50,50,50,50,50,50,50,50,50,50,50,0,0,0,0,0,0,0,0,0,0,50,50,50,50,50,50,50,50,50,50,50,50
destroyed_bouncingbetty,SCORE_DESTROYED_BOUNCING_BETTY,,,,,combat_efficiency_bonus_2,TRUE,,4,TRUE,,,,50,50,50,50,50,50,50,50,50,50,50,50,50,50,50,50,50,50,50,50,0,0,0,0,0,0,0,0,0,0,50,50,50,50,50,50,50,50,50,50,50,50
destroyed_fireflyhive,SCORE_DESTROYED_FIREFLY_HIVE,,,,,combat_efficiency_bonus_2,TRUE,,4,TRUE,,,,25,50,25,50,25,50,25,50,25,50,25,50,25,50,25,50,25,50,25,50,0,0,0,0,0,0,0,0,0,0,25,50,25,50,25,50,25,50,25,50,25,50
destroyed_c4,SCORE_DESTROYED_C4,,,,,combat_efficiency_bonus_2,TRUE,,4,TRUE,,,,50,50,50,50,50,50,50,50,50,50,50,50,50,50,50,50,50,50,50,50,0,0,0,0,0,0,0,0,0,0,50,50,50,50,50,50,50,50,50,50,50,50
destroyed_tac_insert,SCORE_DESTROYED_TAC_INSERT,,,,,combat_efficiency_bonus_2,TRUE,,4,TRUE,,,,50,50,50,50,50,50,50,50,50,50,50,50,50,50,50,50,50,50,50,50,0,0,0,0,0,0,0,0,0,0,50,50,50,50,50,50,50,50,50,50,50,50
destroyed_motion_sensor,SCORE_DESTROYED_MOTION_SENSOR,,,,,combat_efficiency_bonus_2,TRUE,,,TRUE,,,,50,50,50,50,50,50,50,50,50,50,50,50,50,50,50,50,50,50,50,50,0,0,0,0,0,0,0,0,0,0,50,50,50,50,50,50,50,50,50,50,50,50
destroyed_trophy_system,SCORE_DESTROYED_TROPHY_SYSTEM,,,,,combat_efficiency_bonus_2,TRUE,,,TRUE,,,,50,50,50,50,50,50,50,50,50,50,50,50,50,50,50,50,50,50,50,50,0,0,0,0,0,0,0,0,0,0,50,50,50,50,50,50,50,50,50,50,50,50
destroyed_shield,SCORE_DESTROYED_SHIELD,,,,,combat_efficiency_bonus_2,TRUE,,,TRUE,,,,50,50,50,50,50,50,50,50,50,50,50,50,50,50,50,50,50,50,50,50,0,0,0,0,0,0,0,0,0,0,50,50,50,50,50,50,50,50,50,50,50,50
destroyed_uav,SCORE_DESTROYED_UAV,MEDAL_DESTROYED_UAV,t7_hud_medal_destroyed_uav,,TRUE,combat_efficiency_bonus_1,TRUE,,,TRUE,TRUE,antiscorestreak,,75,100,75,100,75,100,75,100,75,100,75,100,75,100,75,100,75,100,75,100,0,0,0,0,0,0,0,0,0,0,75,100,75,100,75,100,75,100,75,100,75,100
destroyed_counter_uav,SCORE_DESTROYED_COUNTER_UAV,MEDAL_DESTROYED_COUNTERUAV,t7_hud_medal_destroyed_counter_uav,,TRUE,combat_efficiency_bonus_1,TRUE,,,TRUE,TRUE,antiscorestreak,,100,100,100,100,100,100,100,100,100,100,100,100,100,100,100,100,100,100,100,100,0,0,0,0,0,0,0,0,0,0,100,100,100,100,100,100,100,100,100,100,100,100
destroyed_helicopter_supply_drop,SCORE_DESTROYED_HELICOPTER_SUPPLY_DROP,MEDAL_DESTROYED_SUPPLY_DROP,t7_hud_medal_destroyed_helicopter_supply_drop,,TRUE,combat_efficiency_bonus_1,TRUE,,,TRUE,TRUE,antiscorestreak,,125,100,125,100,125,100,125,100,125,100,125,100,125,100,125,100,125,100,125,100,0,0,0,0,0,0,0,0,0,0,125,100,125,100,125,100,125,100,125,100,125,100
destroyed_microwave_turret,SCORE_DESTROYED_MICROWAVE_TURRET,MEDAL_DESTROYED_MICROWAVE_TURRET,t7_hud_medal_destroyed_microwave_turret,,TRUE,combat_efficiency_bonus_1,TRUE,,4,TRUE,TRUE,antiscorestreak,,125,100,125,100,125,100,125,100,125,100,125,100,125,100,125,100,125,100,125,100,0,0,0,0,0,0,0,0,0,0,125,100,125,100,125,100,125,100,125,100,125,100
destroyed_remote_missile,SCORE_DESTROYED_REMOTE_MISSILE,MEDAL_DESTROYED_REMOTE_MISSLE,t7_hud_medal_destroyed_remote_missile,,TRUE,combat_efficiency_bonus_1,TRUE,,4,TRUE,TRUE,antiscorestreak,,125,100,125,100,125,100,125,100,125,100,125,100,125,100,125,100,125,100,125,100,0,0,0,0,0,0,0,0,0,0,125,100,125,100,125,100,125,100,125,100,125,100
destroyed_satellite,SCORE_DESTROYED_SATELLITE,MEDAL_DESTROYED_HIGH_ALTITUDE_VSAT,t7_hud_medal_destroyed_high_altitude_vsat,,TRUE,combat_efficiency_bonus_1,TRUE,,,TRUE,TRUE,antiscorestreak,,125,100,125,100,125,100,125,100,125,100,125,100,125,100,125,100,125,100,125,100,0,0,0,0,0,0,0,0,0,0,125,100,125,100,125,100,125,100,125,100,125,100
destroyed_plane_mortar,SCORE_DESTROYED_PLANE_MORTAR,MEDAL_DESTROYED_PLANE_MORTAR,t7_hud_medal_destroyed_plane_mortar,,TRUE,combat_efficiency_bonus_1,TRUE,,4,TRUE,TRUE,antiscorestreak,,125,100,125,100,125,100,125,100,125,100,125,100,125,100,125,100,125,100,125,100,0,0,0,0,0,0,0,0,0,0,125,100,125,100,125,100,125,100,125,100,125,100
destroyed_emp,SCORE_DESTROYED_EMP,MEDAL_DESTROYED_EMP,t7_hud_medal_destroyed_emp,,TRUE,combat_efficiency_bonus_1,TRUE,,4,TRUE,TRUE,antiscorestreak,,125,100,125,100,125,100,125,100,125,100,125,100,125,100,125,100,125,100,125,100,0,0,0,0,0,0,0,0,0,0,125,100,125,100,125,100,125,100,125,100,125,100
destroyed_sentry_gun,SCORE_DESTROYED_SENTRY_GUN,MEDAL_DESTROYED_SENTRY_GUN,t7_hud_medal_destroyed_sentry_gun,,TRUE,combat_efficiency_bonus_1,TRUE,,4,TRUE,TRUE,antiscorestreak,,125,100,125,100,125,100,125,100,125,100,125,100,125,100,125,100,125,100,125,100,0,0,0,0,0,0,0,0,0,0,125,100,125,100,125,100,125,100,125,100,125,100
destroyed_dart,SCORE_DESTROYED_DART,MEDAL_DESTROYED_DART,t7_hud_medal_destroyed_dart,,TRUE,combat_efficiency_bonus_1,TRUE,TRUE,4,TRUE,TRUE,antiscorestreak,,150,100,150,100,150,100,150,100,150,100,150,100,150,100,150,100,150,100,150,100,0,0,0,0,0,0,0,0,0,0,150,100,150,100,150,100,150,100,150,100,150,100
destroyed_aitank,SCORE_DESTROYED_AITANK,MEDAL_DESTROYED_AITANK,t7_hud_medal_destroyed_aitank,,TRUE,combat_efficiency_bonus_1,TRUE,TRUE,4,TRUE,TRUE,antiscorestreak,,150,250,150,250,150,250,150,250,150,250,150,250,150,250,150,250,150,250,150,250,0,0,0,0,0,0,0,0,0,0,150,250,150,250,150,250,150,250,150,250,150,250
destroyed_helicopter_comlink,SCORE_DESTROYED_HELICOPTER_COMLINK,MEDAL_DESTROYED_HELI_COMLINK,t7_hud_medal_destroyed_helicopter_comlink,,TRUE,combat_efficiency_bonus_1,TRUE,,4,TRUE,TRUE,antiscorestreak,,150,250,150,250,150,250,150,250,150,250,150,250,150,250,150,250,150,250,150,250,0,0,0,0,0,0,0,0,0,0,150,250,150,250,150,250,150,250,150,250,150,250
destroyed_raps_deployship,SCORE_DESTROYED_RAPS_HELICOPTER,MEDAL_DESTROYED_RAPS_DEPLOYSHIP,t7_hud_medal_destroyed_raps_deployship,,TRUE,combat_efficiency_bonus_1,TRUE,,4,TRUE,TRUE,antiscorestreak,,150,250,150,250,150,250,150,250,150,250,150,250,150,250,150,250,150,250,150,250,0,0,0,0,0,0,0,0,0,0,150,250,150,250,150,250,150,250,150,250,150,250
destroyed_sentinel,SCORE_DESTROYED_SENTINEL,MEDAL_DESTROYED_SENTINEL,t7_hud_medal_destroyed_sentinel,,TRUE,combat_efficiency_bonus_1,TRUE,TRUE,4,TRUE,TRUE,antiscorestreak,,150,250,150,250,150,250,150,250,150,250,150,250,150,250,150,100,150,250,150,100,0,0,0,0,0,0,0,0,0,0,150,100,150,250,150,250,150,250,150,250,150,250
destroyed_combat_robot,SCORE_DESTROYED_COMBAT_ROBOT,MEDAL_DESTROYED_COMBAT_ROBOT,t7_hud_medal_destroyed_combat_robot,,TRUE,combat_efficiency_bonus_1,TRUE,TRUE,4,TRUE,TRUE,antiscorestreak,,150,250,150,250,150,250,150,250,150,250,150,250,150,250,150,100,150,250,150,100,0,0,0,0,0,0,0,0,0,0,150,100,150,250,150,250,150,250,150,250,150,250
destroyed_drone_strike,SCORE_DESTROYED_DRONE_STRIKE,MEDAL_DESTROYED_ROLLING_THUNDER,t7_hud_medal_destroyed_rolling_thunder,,TRUE,combat_efficiency_bonus_1,TRUE,TRUE,4,TRUE,TRUE,antiscorestreak,,150,250,150,250,150,250,150,250,150,250,150,250,150,250,150,100,150,250,150,100,0,0,0,0,0,0,0,0,0,0,150,100,150,250,150,250,150,250,150,250,150,250
destroyed_rolling_thunder_drone,SCORE_DESTROYED_ROLLING_THUNDER_DRONE,MEDAL_DESTROYED_ROLLING_THUNDER,t7_hud_medal_destroyed_rolling_thunder,,TRUE,combat_efficiency_bonus_1,TRUE,TRUE,,TRUE,TRUE,antiscorestreak,,150,100,150,100,150,100,150,100,150,100,150,100,150,100,150,100,150,100,150,100,0,0,0,0,0,0,0,0,0,0,150,100,150,100,150,100,150,100,150,100,150,100
destroyed_rolling_thunder_all_drones,SCORE_DESTROYED_ROLLING_THUNDER_ALL_DRONES,MEDAL_DESTROYED_ROLLING_THUNDER_ALL_DRONES,t7_hud_medal_destroyed_rolling_thunder_all_drones,,TRUE,combat_efficiency_bonus_1,TRUE,TRUE,,TRUE,TRUE,antiscorestreak,,150,100,150,100,150,100,150,100,150,100,150,100,150,100,150,100,150,100,150,100,0,0,0,0,0,0,0,0,0,0,150,100,150,100,150,100,150,100,150,100,150,100
killed_dog,SCORE_DOG_KILL,,,,TRUE,combat_efficiency_bonus_3,TRUE,TRUE,4,TRUE,,,,50,50,50,50,50,50,50,50,50,50,50,50,50,50,50,50,50,50,50,50,50,50,50,50,50,0,0,0,0,0,50,100,50,50,50,50,50,50,50,50,50,50
killed_dog_assist,SCORE_DOG_KILL_ASSIST,,,,TRUE,combat_efficiency_bonus_3,TRUE,,,TRUE,,,,25,25,0,0,25,25,25,25,25,25,25,25,25,25,25,25,25,25,25,25,0,0,0,0,0,0,0,0,0,0,25,25,0,0,25,25,25,25,25,25,25,25
killed_raps,SCORE_KILLED_RAPS,,,,TRUE,combat_efficiency_bonus_2,TRUE,TRUE,4,TRUE,,,,50,100,50,100,50,100,50,100,50,100,50,100,50,100,50,100,50,100,50,100,0,0,0,0,0,0,0,0,0,0,50,100,50,100,50,100,50,100,50,100,50,100
killed_raps_assist,SCORE_KILLED_RAPS_ASSIST,,,,TRUE,combat_efficiency_bonus_2,TRUE,,,TRUE,,,,25,25,0,0,25,25,25,25,25,25,25,25,25,25,25,25,25,25,25,25,0,0,0,0,0,0,0,0,0,0,25,25,0,0,25,25,25,25,25,25,25,25
dom_point_neutral_b_secured,SCORE_NEUTRAL_B_SECURE,MEDAL_NEUTRAL_B_SECURED,t7_hud_medal_neutral_b_secured,,,combat_efficiency_bonus_1,TRUE,,10,TRUE,,gamemode,,0,0,0,0,0,0,0,0,200,500,0,0,0,0,0,0,0,0,0,0,0,0,0,0,0,0,0,0,0,0,0,0,0,0,0,0,0,0,0,0,0,0
dom_point_neutral_secured,SCORE_NEUTRAL_POSITION_SECURE,,,,,combat_efficiency_bonus_1,TRUE,,4,TRUE,,,,0,0,0,0,0,0,0,0,50,50,0,0,0,0,0,0,0,0,0,0,0,0,0,0,0,0,0,0,0,0,0,0,0,0,0,0,0,0,0,0,0,0
dom_point_secured,SCORE_ENEMY_POSITION_SECURE,MEDAL_POSITION_SECURE,t7_hud_medal_dom_point_secured,,,combat_efficiency_bonus_1,TRUE,,5,TRUE,,gamemode,,0,0,0,0,0,0,0,0,200,100,0,0,0,0,0,0,0,0,0,0,0,0,0,0,0,0,0,0,0,0,0,0,0,0,0,0,0,0,0,0,0,0
kill_confirmed,SCORE_KILL_CONFIRMED,,,,,combat_efficiency_bonus_2,TRUE,,4,TRUE,,,,0,0,0,0,100,50,0,0,0,0,0,0,0,0,0,0,0,0,0,0,0,0,0,0,0,0,0,0,0,0,0,0,0,0,0,0,0,0,0,0,0,0
kill_confirmed_multi,,MEDAL_KILL_CONFIRMED_MULTI,t7_hud_medal_kill_confirmed_multi,,,,TRUE,,,TRUE,,gamemode,,0,0,0,0,0,100,0,0,0,0,0,0,0,0,0,0,0,0,0,0,0,0,0,0,0,0,0,0,0,0,0,0,0,0,0,0,0,0,0,0,0,0
teammate_kill_confirmed,SCORE_TEAMMATE_KILL_CONFIRMED,,,,,combat_efficiency_bonus_2,TRUE,,,TRUE,,,,0,0,0,0,25,100,0,0,0,0,0,0,0,0,0,0,0,0,0,0,0,0,0,0,0,0,0,0,0,0,0,0,0,0,0,0,0,0,0,0,0,0
kill_denied,SCORE_KILL_DENIED,,,,,combat_efficiency_bonus_2,TRUE,,4,TRUE,,,,0,0,0,0,25,50,0,0,0,0,0,0,0,0,0,0,0,0,0,0,0,0,0,0,0,0,0,0,0,0,0,0,0,0,0,0,0,0,25,50,0,0
retrieve_own_tags,SCORE_KILL_DENIED,MEDAL_RETRIEVE_OWN_TAGS,t7_hud_medal_retrieve_own_tags,,,combat_efficiency_bonus_2,TRUE,,4,TRUE,,gamemode,,0,0,0,0,25,250,0,0,0,0,0,0,0,0,0,0,0,0,0,0,0,0,0,0,0,0,0,0,0,0,0,0,0,0,0,0,0,0,25,250,0,0
killed_attacker,SCORE_KILLED_ATTACKER,,,,,,TRUE,,4,TRUE,,,,0,0,0,0,0,0,25,25,25,25,25,25,0,0,0,0,0,0,25,25,0,0,0,0,0,0,0,0,0,0,0,0,0,0,0,0,50,50,50,50,0,0
killed_defender,SCORE_KILLED_DEFENDER,,,,,,TRUE,,4,TRUE,,,,0,0,0,0,0,0,25,25,25,25,25,25,0,0,0,0,0,0,25,25,0,0,0,0,0,0,0,0,0,0,0,0,0,0,0,0,50,50,50,50,0,0
hardpoint_kill,SCORE_HARDPOINT_KILL,,,,,,TRUE,,4,TRUE,,,,0,0,0,0,0,0,0,0,0,0,0,0,0,0,0,0,25,0,0,0,0,0,0,0,0,0,0,0,0,0,0,0,0,0,0,0,0,0,0,0,0,0
planted_bomb,SCORE_PLANTED_BOMB,,,,,combat_efficiency_bonus_1,TRUE,,15,TRUE,,,,0,0,0,0,0,0,0,0,0,0,200,500,100,500,100,500,0,0,0,0,0,0,0,0,0,0,0,0,0,0,0,0,0,0,0,0,0,0,0,0,0,0
defused_bomb,SCORE_DEFUSED_BOMB,MEDAL_DEFUSED_BOMB,t7_hud_medal_defused_bomb,,,combat_efficiency_bonus_1,TRUE,,15,TRUE,,gamemode,,0,0,0,0,0,0,0,0,0,0,200,500,100,500,100,500,0,0,0,0,0,0,0,0,0,0,0,0,0,0,0,0,0,0,0,0,0,0,0,0,0,0
defused_bomb_last_man_alive,SCORE_DEFUSED_BOMB,MEDAL_DEFUSED_BOMB_LAST_MAN_ALIVE,t7_hud_medal_defused_bomb_last_man_alive,,,,TRUE,,25,TRUE,,gamemode,,0,0,0,0,0,0,0,0,0,0,0,0,0,500,0,500,0,0,0,0,0,0,0,0,0,0,0,0,0,0,0,0,0,0,0,0,0,0,0,0,0,0
killed_bomb_planter,SCORE_KILLED_BOMB_PLANTER,MEDAL_KILLED_BOMB_PLANTER,t7_hud_medal_killed_bomb_planter,,,,TRUE,,6,TRUE,,gamemode,,0,0,0,0,0,0,0,0,0,0,50,250,50,250,50,250,0,0,0,0,0,0,0,0,0,0,0,0,0,0,0,0,0,0,0,0,0,0,0,0,0,0
killed_bomb_defuser,SCORE_KILLED_BOMB_DEFUSER,MEDAL_KILLED_BOMB_DEFUSER,t7_hud_medal_killed_bomb_defuser,,,,TRUE,,6,TRUE,,gamemode,,0,0,0,0,0,0,0,0,0,0,50,250,50,250,50,250,0,0,0,0,0,0,0,0,0,0,0,0,0,0,0,0,0,0,0,0,0,0,0,0,0,0
bomb_detonated,SCORE_BOMB_DETONATED,MEDAL_BOMB_DETONATED,t7_hud_medal_bomb_detonated,,,combat_efficiency_bonus_1,TRUE,,4,TRUE,,gamemode,,0,0,0,0,0,0,0,0,0,0,300,500,100,500,100,500,0,0,0,0,0,0,0,0,0,0,0,0,0,0,0,0,0,0,0,0,0,0,0,0,0,0
final_kill_elimination,SCORE_FINAL_KILL_ELIMINATION,,,,,,TRUE,,4,TRUE,,,,0,0,0,0,0,0,0,0,0,0,0,0,50,500,50,500,0,0,0,0,0,0,0,0,0,0,0,0,0,0,0,0,0,0,0,0,0,0,0,0,0,0
elimination_and_last_player_alive,,MEDAL_ELIMINATION_AND_LAST_PLAYER_ALIVE,t7_hud_medal_elimination_and_last_player_alive,,,,TRUE,,4,TRUE,,gamemode,,0,0,0,0,0,0,0,0,0,0,0,0,0,500,0,500,0,0,0,0,0,0,0,0,0,0,0,0,0,0,0,0,0,0,0,0,0,0,0,0,0,0
defend_hq_last_man_alive,,MEDAL_DEFEND_HQ_LAST_ALIVE,t7_hud_medal_defend_hq_last_alive,,,,TRUE,,4,TRUE,,gamemode,,0,0,0,0,0,0,0,0,0,0,0,0,0,0,0,0,0,0,0,250,0,0,0,0,0,0,0,0,0,0,0,0,0,0,0,0,0,0,0,0,0,0
flag_grab,SCORE_FLAG_GRAB,,,,,combat_efficiency_bonus_2,TRUE,,5,TRUE,,,,0,0,0,0,0,0,50,250,0,0,0,0,0,0,0,0,0,0,0,0,0,0,0,0,0,0,0,0,0,0,0,0,0,0,0,0,0,0,0,0,0,0
flag_capture,SCORE_FLAG_CAPTURE,MEDAL_FLAG_CAPTURE,t7_hud_medal_flag_capture,,,combat_efficiency_bonus_1,TRUE,,5,TRUE,,gamemode,,0,0,0,0,0,0,200,500,0,0,0,0,0,0,0,0,0,0,0,0,0,0,0,0,0,0,0,0,0,0,0,0,0,0,0,0,0,0,0,0,0,0
flag_return,SCORE_FLAG_RETURN,,,,,combat_efficiency_bonus_2,TRUE,,4,TRUE,,,,0,0,0,0,0,0,100,250,0,0,0,0,0,0,0,0,0,0,0,0,0,0,0,0,0,0,0,0,0,0,0,0,0,0,0,0,0,0,0,0,0,0
flag_carrier_kill_return_close,,MEDAL_FLAG_CARRIER_KILL_RETURN_CLOSE,t7_hud_medal_flag_carrier_kill_return_close,,,,TRUE,,15,TRUE,,gamemode,,0,0,0,0,0,0,0,250,0,0,0,0,0,0,0,0,0,0,0,0,0,0,0,0,0,0,0,0,0,0,0,0,0,0,0,0,0,0,0,0,0,0
defend_flag_carrier,SCORE_DEFEND_FLAG_CARRIER,,,,,,TRUE,,6,TRUE,,,,0,0,0,0,0,0,50,250,0,0,0,0,0,0,0,0,0,0,0,0,0,0,0,0,0,0,0,0,0,0,0,0,0,0,0,0,0,0,0,0,0,0
killed_enemy_while_carrying_flag,SCORE_KILLED_ENEMY_WHILE_CARRYING_FLAG,MEDAL_KILLED_ENEMY_WHILE_CARRYING_FLAG,t7_hud_medal_killed_enemy_while_carrying_flag,,,,TRUE,,6,TRUE,,gamemode,,0,0,0,0,0,0,50,500,0,0,0,0,0,0,0,0,0,0,0,0,0,0,0,0,0,0,0,0,0,0,0,0,0,0,0,0,0,0,0,0,0,0
rescue_flag_carrier,SCORE_RESCUE_FLAG_CARRIER,,,,,,TRUE,,8,TRUE,,,,0,0,0,0,0,0,50,250,0,0,0,0,0,0,0,0,0,0,0,0,0,0,0,0,0,0,0,0,0,0,0,0,0,0,0,0,0,0,0,0,0,0
kill_flag_carrier,SCORE_KILL_FLAG_CARRIER,MEDAL_KILL_FLAG_CARRIER,t7_hud_medal_kill_flag_carrier,,,,TRUE,,6,TRUE,,gamemode,,0,0,0,0,0,0,50,250,0,0,0,0,0,0,0,0,0,0,0,0,0,0,0,0,0,0,0,0,0,0,0,0,0,0,0,0,0,0,0,0,0,0
hq_secure,SCORE_HQ_SECURE,MEDAL_HQ_SECURE,t7_hud_medal_hq_secure,,,,TRUE,,4,TRUE,,gamemode,,0,0,0,0,0,0,0,0,0,0,0,0,0,0,0,0,0,0,200,100,0,0,0,0,0,0,0,0,0,0,0,0,0,0,0,0,0,0,0,0,0,0
hq_destroyed,SCORE_HQ_DESTROYED,,,,,,TRUE,,4,TRUE,,,,0,0,0,0,0,0,0,0,0,0,0,0,0,0,0,0,0,0,25,50,0,0,0,0,0,0,0,0,0,0,0,0,0,0,0,0,0,0,0,0,0,0
koth_secure,SCORE_KOTH_SECURE,MEDAL_KOTH_SECURE,t7_hud_medal_koth_secure,,,combat_efficiency_bonus_1,TRUE,,4,TRUE,,gamemode,,0,0,0,0,0,0,0,0,0,0,0,0,0,0,0,0,100,100,0,0,0,0,0,0,0,0,0,0,0,0,0,0,0,0,0,0,0,0,0,0,0,0
first_kill,,MEDAL_FIRST_KILL,t7_hud_medal_first_kill,,,,TRUE,,4,TRUE,,combat,,0,500,0,500,0,500,0,500,0,500,0,500,0,500,0,500,0,500,0,500,0,500,0,500,0,500,0,500,0,500,0,500,0,500,0,500,0,500,0,500,0,500
assisted_suicide,,MEDAL_ASSISTED_SUICIDE,t7_hud_medal_kill_grandtheft,,,,TRUE,,20,TRUE,,combat,,0,100,0,100,0,100,0,100,0,100,0,100,0,100,0,100,0,100,0,100,0,100,0,100,0,100,0,100,0,100,0,100,0,100,0,100,0,100,0,100,0,100
headshot,,MEDAL_HEADSHOT,t7_hud_medal_headshot,,,,TRUE,,5,TRUE,TRUE,combat,,0,100,0,100,0,100,0,100,0,100,0,100,0,100,0,100,0,100,0,100,0,100,0,100,0,100,0,100,0,100,0,100,0,100,0,100,0,100,0,100,0,100
comeback_from_deathstreak,,MEDAL_COMEBACK_FROM_DEATHSTREAK,t7_hud_medal_comeback_from_deathstreak,,,,TRUE,,4,TRUE,,combat,,0,100,0,100,0,100,0,100,0,100,0,100,0,100,0,100,0,100,0,100,0,100,0,100,0,100,0,100,0,100,0,100,0,100,0,100,0,100,0,100,0,100
kill_enemy_after_death,,MEDAL_KILL_ENEMY_AFTER_DEATH,t7_hud_medal_kill_enemy_after_death,,,,TRUE,TRUE,,TRUE,,combat,,0,100,0,100,0,100,0,100,0,100,0,100,0,100,0,100,0,100,0,100,0,100,0,100,0,100,0,100,0,100,0,100,0,100,0,100,0,100,0,100,0,100
bounce_hatchet_kill,,MEDAL_BOUNCE_HATCHET_KILL,t7_hud_medal_bounce_hatchet_kill,,,,TRUE,TRUE,35,TRUE,,combat,,0,500,0,500,0,500,0,500,0,500,0,500,0,500,0,500,0,500,0,500,0,100,0,100,0,100,0,100,0,100,0,500,0,500,0,500,0,500,0,500,0,500
longshot_kill,,MEDAL_LONGSHOT_KILL,t7_hud_medal_longshot_kill,,,,TRUE,,4,TRUE,,combat,,0,250,0,250,0,250,0,250,0,250,0,250,0,250,0,250,0,250,0,250,0,250,0,250,0,0,0,0,0,0,0,250,0,250,0,250,0,250,0,250,0,250
backstabber_kill,,MEDAL_BACKSTABBER_KILL,t7_hud_medal_backstabber_kill,,,,TRUE,TRUE,4,TRUE,,combat,,0,100,0,100,0,100,0,100,0,100,0,100,0,100,0,100,0,100,0,100,0,100,0,100,0,100,0,100,0,100,0,100,0,100,0,100,0,100,0,100,0,100
revenge_kill,,MEDAL_REVENGE_KILL,t7_hud_medal_revenge_kill,,,,TRUE,TRUE,,TRUE,,combat,,0,100,0,100,0,100,0,100,0,100,0,100,0,100,0,100,0,100,0,100,0,100,0,100,0,100,0,100,0,100,0,100,0,100,0,100,0,100,0,100,0,100
capture_enemy_crate,,MEDAL_CAPTURE_ENEMY_CRATE,t7_hud_medal_capture_enemy_crate,,,combat_efficiency_bonus_2,TRUE,TRUE,,TRUE,,antiscorestreak,,0,250,0,250,0,250,0,250,0,250,0,250,0,250,0,250,0,250,0,250,0,0,0,0,0,0,0,0,0,0,0,250,0,250,0,250,0,250,0,250,0,250
kill_enemy_with_their_weapon,,MEDAL_KILL_ENEMY_WITH_THEIR_WEAPON,t7_hud_medal_kill_enemy_with_their_weapon,,,,TRUE,TRUE,4,TRUE,,combat,,0,100,0,100,0,100,0,100,0,100,0,100,0,100,0,100,0,100,0,100,0,0,0,0,0,0,0,0,0,0,0,100,0,100,0,100,0,100,0,100,0,100
stop_enemy_killstreak,,MEDAL_STOP_ENEMY_KILLSTREAK,t7_hud_medal_stop_enemy_killstreak,,,,TRUE,TRUE,4,TRUE,,combat,,0,100,0,100,0,100,0,100,0,100,0,100,0,100,0,100,0,100,0,100,0,0,0,0,0,0,0,0,0,0,0,100,0,100,0,100,0,100,0,100,0,100
kill_enemy_when_injured,,MEDAL_KILL_ENEMY_WHEN_INJURED,t7_hud_medal_kill_enemy_when_injured,,,,TRUE,,4,TRUE,,combat,,0,100,0,100,0,100,0,100,0,100,0,100,0,100,0,100,0,100,0,100,0,100,0,100,0,100,0,100,0,100,0,100,0,100,0,100,0,100,0,100,0,100
kill_enemy_with_hacked_care_package,SCORE_PACKAGE_KILL,MEDAL_KILL_ENEMY_WITH_HACKED_CARE_PACKAGE,t7_hud_medal_kill_enemy_with_hacked_care_package,,TRUE,combat_efficiency_bonus_3,TRUE,TRUE,4,TRUE,,combat,,25,250,25,250,25,250,25,250,25,250,25,250,25,250,25,250,25,250,25,250,0,0,0,0,0,0,0,0,0,0,25,250,25,250,25,250,25,250,25,250,25,250
kill_enemy_with_care_package_crush,SCORE_PACKAGE_KILL,MEDAL_KILL_ENEMY_WITH_CARE_PACKAGE_CRUSH,t7_hud_medal_kill_enemy_with_care_package_crush,,TRUE,combat_efficiency_bonus_3,TRUE,,25,TRUE,,scorestreak,,25,500,25,500,25,500,25,500,25,500,25,500,25,500,25,500,25,500,25,500,0,100,0,100,0,100,0,100,0,100,25,500,25,500,25,500,25,500,25,500,25,500
kill_enemy_one_bullet,,MEDAL_KILL_ENEMY_ONE_BULLET,t7_hud_medal_kill_enemy_one_bullet,,,,TRUE,,5,TRUE,,combat,,0,100,0,100,0,100,0,100,0,100,0,100,0,100,0,100,0,100,0,100,0,100,0,100,0,100,0,100,0,100,0,100,0,100,0,100,0,100,0,100,0,100
kill_enemies_one_bullet,,MEDAL_KILL_ENEMIES_ONE_BULLET,t7_hud_medal_kill_enemies_one_bullet,,,,TRUE,,20,TRUE,,combat,,0,500,0,500,0,500,0,500,0,500,0,500,0,500,0,500,0,500,0,500,0,500,0,500,0,500,0,500,0,500,0,500,0,500,0,500,0,500,0,500,0,500
uninterrupted_obit_feed_kills,,MEDAL_UNINTERRUPTED_OBIT_FEED_KILLS,t7_hud_medal_uninterrupted_obit_feed_kills,,,,TRUE,TRUE,20,TRUE,,combat,,0,250,0,250,0,250,0,250,0,250,0,250,0,250,0,250,0,250,0,250,0,250,0,250,0,250,0,250,0,250,0,250,0,250,0,250,0,250,0,250,0,250
killstreak_2,SCORE_KILLSTREAK_2,,,,,,TRUE,,4,,,,,0,0,0,0,0,0,0,0,0,0,0,0,0,0,0,0,0,0,0,0,0,0,0,0,0,0,0,0,0,0,0,0,0,0,0,0,0,0,0,0,0,0
killstreak_3,SCORE_KILLSTREAK_3,,,,,,TRUE,,4,,,,,0,0,0,0,0,0,0,0,0,0,0,0,0,0,0,0,0,0,0,0,0,0,0,0,0,0,0,0,0,0,0,0,0,0,0,0,0,0,0,0,0,0
killstreak_4,SCORE_KILLSTREAK_4,,,,,,TRUE,,4,,,,,0,0,0,0,0,0,0,0,0,0,0,0,0,0,0,0,0,0,0,0,0,0,0,0,0,0,0,0,0,0,0,0,0,0,0,0,0,0,0,0,0,0
killstreak_5,SCORE_KILLSTREAK_5,MEDAL_KILLSTREAK_5,t7_hud_medal_killstreak_5,,,,TRUE,TRUE,4,TRUE,,combat,,0,250,0,250,0,250,0,250,0,250,0,250,0,250,0,250,0,250,0,250,0,250,0,250,0,250,0,250,0,250,0,250,0,250,0,250,0,250,0,250,0,250
killstreak_6,SCORE_KILLSTREAK_6,,,,,,TRUE,,4,,,,,0,0,0,0,0,0,0,0,0,0,0,0,0,0,0,0,0,0,0,0,0,0,0,0,0,0,0,0,0,0,0,0,0,0,0,0,0,0,0,0,0,0
killstreak_7,SCORE_KILLSTREAK_7,,,,,,TRUE,,4,,,,,0,0,0,0,0,0,0,0,0,0,0,0,0,0,0,0,0,0,0,0,0,0,0,0,0,0,0,0,0,0,0,0,0,0,0,0,0,0,0,0,0,0
killstreak_8,SCORE_KILLSTREAK_8,,,,,,TRUE,,4,,,,,0,0,0,0,0,0,0,0,0,0,0,0,0,0,0,0,0,0,0,0,0,0,0,0,0,0,0,0,0,0,0,0,0,0,0,0,0,0,0,0,0,0
killstreak_9,SCORE_KILLSTREAK_9,,,,,,TRUE,,4,,,,,0,0,0,0,0,0,0,0,0,0,0,0,0,0,0,0,0,0,0,0,0,0,0,0,0,0,0,0,0,0,0,0,0,0,0,0,0,0,0,0,0,0
killstreak_10,SCORE_KILLSTREAK_10,MEDAL_KILLSTREAK_10,t7_hud_medal_killstreak_10,,,,TRUE,TRUE,4,TRUE,,combat,,0,500,0,500,0,500,0,500,0,500,0,500,0,500,0,500,0,500,0,500,0,500,0,500,0,500,0,500,0,500,0,500,0,500,0,500,0,500,0,500,0,500
killstreak_11,SCORE_KILLSTREAK_11,,,,,,TRUE,,4,,,,,0,0,0,0,0,0,0,0,0,0,0,0,0,0,0,0,0,0,0,0,0,0,0,0,0,0,0,0,0,0,0,0,0,0,0,0,0,0,0,0,0,0
killstreak_12,SCORE_KILLSTREAK_12,,,,,,TRUE,,4,,,,,0,0,0,0,0,0,0,0,0,0,0,0,0,0,0,0,0,0,0,0,0,0,0,0,0,0,0,0,0,0,0,0,0,0,0,0,0,0,0,0,0,0
killstreak_13,SCORE_KILLSTREAK_13,,,,,,TRUE,,4,,,,,0,0,0,0,0,0,0,0,0,0,0,0,0,0,0,0,0,0,0,0,0,0,0,0,0,0,0,0,0,0,0,0,0,0,0,0,0,0,0,0,0,0
killstreak_14,SCORE_KILLSTREAK_14,,,,,,TRUE,,4,,,,,0,0,0,0,0,0,0,0,0,0,0,0,0,0,0,0,0,0,0,0,0,0,0,0,0,0,0,0,0,0,0,0,0,0,0,0,0,0,0,0,0,0
killstreak_15,SCORE_KILLSTREAK_15,MEDAL_KILLSTREAK_15,t7_hud_medal_killstreak_15,,,,TRUE,TRUE,4,TRUE,,combat,,0,500,0,500,0,500,0,500,0,500,0,500,0,500,0,500,0,500,0,500,0,500,0,500,0,500,0,500,0,500,0,500,0,500,0,500,0,500,0,500,0,500
killstreak_16,SCORE_KILLSTREAK_16,,,,,,TRUE,,4,,,,,0,0,0,0,0,0,0,0,0,0,0,0,0,0,0,0,0,0,0,0,0,0,0,0,0,0,0,0,0,0,0,0,0,0,0,0,0,0,0,0,0,0
killstreak_17,SCORE_KILLSTREAK_17,,,,,,TRUE,,4,,,,,0,0,0,0,0,0,0,0,0,0,0,0,0,0,0,0,0,0,0,0,0,0,0,0,0,0,0,0,0,0,0,0,0,0,0,0,0,0,0,0,0,0
killstreak_18,SCORE_KILLSTREAK_18,,,,,,TRUE,,4,,,,,0,0,0,0,0,0,0,0,0,0,0,0,0,0,0,0,0,0,0,0,0,0,0,0,0,0,0,0,0,0,0,0,0,0,0,0,0,0,0,0,0,0
killstreak_19,SCORE_KILLSTREAK_19,,,,,,TRUE,,4,,,,,0,0,0,0,0,0,0,0,0,0,0,0,0,0,0,0,0,0,0,0,0,0,0,0,0,0,0,0,0,0,0,0,0,0,0,0,0,0,0,0,0,0
killstreak_20,SCORE_KILLSTREAK_20,MEDAL_KILLSTREAK_20,t7_hud_medal_killstreak_20,,,,TRUE,TRUE,4,TRUE,,combat,,0,750,0,750,0,750,0,750,0,750,0,750,0,750,0,750,0,750,0,750,0,750,0,750,0,750,0,750,0,750,0,750,0,750,0,750,0,750,0,750,0,750
killstreak_21,SCORE_KILLSTREAK_21,,,,,,TRUE,,4,,,,,0,0,0,0,0,0,0,0,0,0,0,0,0,0,0,0,0,0,0,0,0,0,0,0,0,0,0,0,0,0,0,0,0,0,0,0,0,0,0,0,0,0
killstreak_22,SCORE_KILLSTREAK_22,,,,,,TRUE,,4,,,,,0,0,0,0,0,0,0,0,0,0,0,0,0,0,0,0,0,0,0,0,0,0,0,0,0,0,0,0,0,0,0,0,0,0,0,0,0,0,0,0,0,0
killstreak_23,SCORE_KILLSTREAK_23,,,,,,TRUE,,4,,,,,0,0,0,0,0,0,0,0,0,0,0,0,0,0,0,0,0,0,0,0,0,0,0,0,0,0,0,0,0,0,0,0,0,0,0,0,0,0,0,0,0,0
killstreak_24,SCORE_KILLSTREAK_24,,,,,,TRUE,,4,,,,,0,0,0,0,0,0,0,0,0,0,0,0,0,0,0,0,0,0,0,0,0,0,0,0,0,0,0,0,0,0,0,0,0,0,0,0,0,0,0,0,0,0
killstreak_25,SCORE_KILLSTREAK_25,MEDAL_KILLSTREAK_25,t7_hud_medal_killstreak_25,,,,TRUE,TRUE,4,TRUE,,combat,,0,1000,0,1000,0,1000,0,1000,0,1000,0,1000,0,1000,0,1000,0,1000,0,1000,0,1000,0,1000,0,1000,0,1000,0,1000,0,1000,0,1000,0,1000,0,1000,0,1000,0,1000
killstreak_26,SCORE_KILLSTREAK_26,,,,,,TRUE,,4,,,,,0,0,0,0,0,0,0,0,0,0,0,0,0,0,0,0,0,0,0,0,0,0,0,0,0,0,0,0,0,0,0,0,0,0,0,0,0,0,0,0,0,0
killstreak_27,SCORE_KILLSTREAK_27,,,,,,TRUE,,4,,,,,0,0,0,0,0,0,0,0,0,0,0,0,0,0,0,0,0,0,0,0,0,0,0,0,0,0,0,0,0,0,0,0,0,0,0,0,0,0,0,0,0,0
killstreak_28,SCORE_KILLSTREAK_28,,,,,,TRUE,,4,,,,,0,0,0,0,0,0,0,0,0,0,0,0,0,0,0,0,0,0,0,0,0,0,0,0,0,0,0,0,0,0,0,0,0,0,0,0,0,0,0,0,0,0
killstreak_29,SCORE_KILLSTREAK_29,,,,,,TRUE,,4,,,,,0,0,0,0,0,0,0,0,0,0,0,0,0,0,0,0,0,0,0,0,0,0,0,0,0,0,0,0,0,0,0,0,0,0,0,0,0,0,0,0,0,0
killstreak_30,SCORE_KILLSTREAK_30,MEDAL_KILLSTREAK_30,t7_hud_medal_killstreak_30,,,,TRUE,TRUE,4,TRUE,,combat,,0,1000,0,1000,0,1000,0,1000,0,1000,0,1000,0,1000,0,1000,0,1000,0,1000,0,1000,0,1000,0,1000,0,1000,0,1000,0,1000,0,1000,0,1000,0,1000,0,1000,0,1000
killstreak_more_than_30,SCORE_KILLSTREAK_MORE_THAN_30,MEDAL_KILLSTREAK_MORE_THAN_30,t7_hud_medal_killstreak_more_than_30,,,,TRUE,,4,TRUE,,combat,,0,100,0,100,0,100,0,100,0,100,0,100,0,100,0,100,0,100,0,100,0,100,0,100,0,100,0,100,0,100,0,100,0,100,0,100,0,100,0,100,0,100
multikill_2,,MEDAL_MULTIKILL_2,t7_hud_medal_multikill_2,,,,TRUE,TRUE,4,TRUE,,combat,,0,100,0,100,0,100,0,100,0,100,0,100,0,100,0,100,0,100,0,100,0,100,0,100,0,100,0,100,0,100,0,100,0,100,0,100,0,100,0,100,0,100
multikill_3,,MEDAL_MULTIKILL_3,t7_hud_medal_multikill_3,,,,TRUE,TRUE,4,TRUE,,combat,,0,250,0,250,0,250,0,250,0,250,0,250,0,250,0,250,0,250,0,250,0,250,0,250,0,250,0,250,0,250,0,250,0,250,0,250,0,250,0,250,0,250
multikill_4,,MEDAL_MULTIKILL_4,t7_hud_medal_multikill_4,,,,TRUE,TRUE,4,TRUE,,combat,,0,500,0,500,0,500,0,500,0,500,0,500,0,500,0,500,0,500,0,500,0,500,0,500,0,500,0,500,0,500,0,500,0,500,0,500,0,500,0,500,0,500
multikill_5,,MEDAL_MULTIKILL_5,t7_hud_medal_multikill_5,,,,TRUE,TRUE,4,TRUE,,combat,,0,750,0,750,0,750,0,750,0,750,0,750,0,750,0,750,0,750,0,750,0,750,0,750,0,750,0,750,0,750,0,750,0,750,0,750,0,750,0,750,0,750
multikill_6,,MEDAL_MULTIKILL_6,t7_hud_medal_multikill_6,,,,TRUE,TRUE,4,TRUE,,combat,,0,1000,0,1000,0,1000,0,1000,0,1000,0,1000,0,1000,0,1000,0,1000,0,1000,0,1000,0,1000,0,1000,0,1000,0,1000,0,1000,0,1000,0,1000,0,1000,0,1000,0,1000
multikill_7,,MEDAL_MULTIKILL_7,t7_hud_medal_multikill_7,,,,TRUE,TRUE,4,TRUE,,combat,,0,1000,0,1000,0,1000,0,1000,0,1000,0,1000,0,1000,0,1000,0,1000,0,1000,0,1000,0,1000,0,1000,0,1000,0,1000,0,1000,0,1000,0,1000,0,1000,0,1000,0,1000
multikill_8,,MEDAL_MULTIKILL_8,t7_hud_medal_multikill_8,,,,TRUE,TRUE,4,TRUE,,combat,,0,1000,0,1000,0,1000,0,1000,0,1000,0,1000,0,1000,0,1000,0,1000,0,1000,0,1000,0,1000,0,1000,0,1000,0,1000,0,1000,0,1000,0,1000,0,1000,0,1000,0,1000
multikill_more_than_8,,MEDAL_MULTIKILL_MORE_THAN_8,t7_hud_medal_multikill_more_than_8,,,,TRUE,TRUE,4,TRUE,,combat,,0,1000,0,1000,0,1000,0,1000,0,1000,0,1000,0,1000,0,1000,0,1000,0,1000,0,1000,0,1000,0,1000,0,1000,0,1000,0,1000,0,1000,0,1000,0,1000,0,1000,0,1000
kill_enemy_who_killed_teammate,,MEDAL_KILL_ENEMY_WHO_KILLED_TEAMMATE,t7_hud_medal_kill_enemy_who_killed_teammate,,,,TRUE,,,TRUE,,combat,,0,100,0,100,0,100,0,100,0,100,0,100,0,100,0,100,0,100,0,100,0,0,0,0,0,0,0,0,0,0,0,100,0,100,0,100,0,100,0,100,0,100
kill_enemy_injuring_teammate,,MEDAL_KILL_ENEMY_INJURING_TEAMMATE,t7_hud_medal_kill_enemy_injuring_teammate,,,,TRUE,,4,TRUE,,combat,,0,100,0,100,0,100,0,100,0,100,0,100,0,100,0,100,0,100,0,100,0,0,0,0,0,0,0,0,0,0,0,100,0,100,0,100,0,100,0,100,0,100
stick_explosive_kill,,MEDAL_STICK_EXPLOSIVE_KILL,t7_hud_medal_stick_explosive_kill,,,,TRUE,TRUE,8,TRUE,,combat,,0,100,0,100,0,100,0,100,0,100,0,100,0,100,0,100,0,100,0,100,0,0,0,0,0,0,0,0,0,0,0,100,0,100,0,100,0,100,0,100,0,100
hatchet_kill,SCORE_KILL,MEDAL_HATCHET_KILL,t7_hud_medal_hatchet_kill,,,,TRUE,,15,TRUE,,combat,,0,100,0,100,0,100,0,100,0,100,0,100,0,100,0,100,0,100,0,100,0,0,-5,0,0,0,0,0,0,0,0,100,0,100,0,100,0,100,0,100,0,100
raps_kill,SCORE_RAPS_KILL,MEDAL_RAPS_KILL,t7_hud_medal_raps_kill,,TRUE,combat_efficiency_bonus_3,,,4,TRUE,,scorestreak,,15,100,15,100,15,100,15,100,15,100,15,100,15,100,15,100,15,100,15,100,0,0,0,0,0,0,0,0,0,0,15,100,15,100,15,100,15,100,15,100,15,100
remote_missile_kill,SCORE_HELLSTORM_KILL,MEDAL_REMOTE_MISSILE_KILL,t7_hud_medal_remote_missile_kill,,TRUE,combat_efficiency_bonus_3,,,4,TRUE,,scorestreak,,25,100,25,100,25,100,25,100,25,100,25,100,25,100,25,100,25,100,25,100,0,0,0,0,0,0,0,0,0,0,25,100,25,100,25,100,25,100,25,100,25,100
sentry_gun_kill,SCORE_SENTRY_GUN_KILL,MEDAL_SENTRY_GUN_KILL,t7_hud_medal_sentry_gun_kill,,TRUE,combat_efficiency_bonus_3,,,4,TRUE,,scorestreak,,25,100,25,100,25,100,25,100,25,100,25,100,25,100,25,100,25,100,25,100,0,0,0,0,0,0,0,0,0,0,25,100,25,100,25,100,25,100,25,100,25,100
microwave_turret_kill,SCORE_HPM_KILL,MEDAL_MICROWAVE_TURRET_KILL,t7_hud_medal_microwave_turret_kill,,TRUE,combat_efficiency_bonus_3,,TRUE,4,TRUE,,scorestreak,,25,100,25,100,25,100,25,100,25,100,25,100,25,100,25,100,25,100,25,100,0,0,0,0,0,0,0,0,0,0,25,100,25,100,25,100,25,100,25,100,25,100
plane_mortar_kill,SCORE_LIGHTNING_STRIKE_KILL,MEDAL_PLANE_MORTAR_KILL,t7_hud_medal_plane_mortar_kill,,TRUE,combat_efficiency_bonus_3,,,4,TRUE,,scorestreak,,25,100,25,100,25,100,25,100,25,100,25,100,25,100,25,100,25,100,25,100,0,0,0,0,0,0,0,0,0,0,25,100,25,100,25,100,25,100,25,100,25,100
dart_kill,SCORE_DART_KILL,MEDAL_DART_KILL,t7_hud_medal_dart_kill,,TRUE,combat_efficiency_bonus_3,,,4,TRUE,,scorestreak,,25,100,25,100,25,100,25,100,25,100,25,100,25,100,25,100,25,100,25,100,0,0,0,0,0,0,0,0,0,0,25,100,25,100,25,100,25,100,25,100,25,100
sentinel_kill,SCORE_SENTINEL_KILL,MEDAL_SENTINEL_KILL,t7_hud_medal_sentinel_kill,,TRUE,combat_efficiency_bonus_3,,,4,TRUE,,scorestreak,,25,100,25,100,25,100,25,100,25,100,25,100,25,100,25,100,25,100,25,100,0,0,0,0,0,0,0,0,0,0,25,100,25,100,25,100,25,100,25,100,25,100
drone_strike_kill,SCORE_DRONE_STRIKE_KILL,MEDAL_ROLLING_THUNDER_KILL,t7_hud_medal_rolling_thunder_kill,,TRUE,combat_efficiency_bonus_3,,,4,TRUE,,scorestreak,,25,100,25,100,25,100,25,100,25,100,25,100,25,100,25,100,25,100,25,100,0,0,0,0,0,0,0,0,0,0,25,100,25,100,25,100,25,100,25,100,25,100
aitank_kill,SCORE_AGR_KILL,MEDAL_AITANK_KILL,t7_hud_medal_aitank_kill,,TRUE,combat_efficiency_bonus_3,,,4,TRUE,,scorestreak,,25,100,25,100,25,100,25,100,25,100,25,100,25,100,25,100,25,100,25,100,0,0,0,0,0,0,0,0,0,0,25,100,25,100,25,100,25,100,25,100,25,100
hpm_suppress,SCORE_HPM_SUPPRESS,,,,TRUE,combat_efficiency_bonus_3,,,,TRUE,,,,10,10,10,10,10,10,10,10,10,10,10,10,10,10,10,10,10,10,10,10,0,0,0,0,0,0,0,0,0,0,10,10,10,10,10,10,10,10,10,10,10,10
hacker_drone_hacked,SCORE_HACKER_DRONE_HACKED,,,,,,,,,,,,,0,0,0,0,0,0,0,0,0,0,0,0,0,0,0,0,0,0,0,0,0,0,0,0,0,0,0,0,250,0,0,0,0,0,0,0,0,0,0,0,0,0
hacker_drone_killed,SCORE_HACKER_DRONE_KILL,,,,,,,,,,,,,0,0,0,0,0,0,0,0,0,0,0,0,0,0,0,0,0,0,0,0,0,0,0,0,0,0,0,0,100,0,0,0,0,0,0,0,0,0,0,0,0,0
completed_match,,MEDAL_COMPLETED_MATCH,t7_hud_medal_completed_match,,,,TRUE,,,TRUE,,gamemode,,0,250,0,250,0,250,0,250,0,250,0,250,0,250,0,250,0,250,0,250,0,250,0,250,0,250,0,250,0,250,0,250,0,250,0,250,0,250,0,250,0,250
won_match,,MEDAL_WON_MATCH,t7_hud_medal_won_match,,,,TRUE,,,TRUE,,gamemode,,0,500,0,500,0,500,0,500,0,500,0,500,0,500,0,500,0,500,0,500,0,500,0,500,0,500,0,500,0,500,0,500,0,500,0,500,0,500,0,500,0,500
wager_melee_kill,SCORE_KILL,,,,,,TRUE,,,,,,,0,0,0,0,0,0,0,0,0,0,0,0,0,0,0,0,0,0,0,0,0,0,0,0,0,0,-5,0,0,0,0,0,0,0,0,0,0,0,0,0,0,0
disarm_hacked_care_package,SCORE_DISARM_HACKED_CARE_PACKAGE,,,,,combat_efficiency_bonus_2,TRUE,,4,TRUE,,,,50,50,50,50,50,50,50,50,50,50,50,50,50,50,50,50,50,50,50,50,0,0,0,0,0,0,0,0,0,0,50,50,50,50,50,50,50,50,50,50,50,50
team_kill,,,,,,,TRUE,,,,,,,0,0,0,0,0,0,0,0,0,0,0,0,0,0,0,0,0,0,0,0,0,0,0,0,0,0,0,0,0,0,0,0,0,0,0,0,0,0,0,0,0,0
death,,,,,,,TRUE,,,,,,,0,0,0,0,0,0,0,0,0,0,0,0,0,0,0,0,0,0,0,0,0,0,0,0,0,0,0,0,0,0,0,0,0,0,0,0,0,0,0,0,0,0
suicide,,,,,,,TRUE,,,,,,,0,0,0,0,0,0,0,0,0,0,0,0,0,0,0,0,0,0,0,0,0,0,0,0,0,0,0,0,0,0,0,0,0,0,0,0,0,0,0,0,0,0
clear_2_attackers,,MEDAL_CLEAR_2_ATTACKERS,t7_hud_medal_clear_2_attackers,,,,TRUE,,,TRUE,,gamemode,,0,0,0,0,0,0,0,0,0,250,0,0,0,0,0,0,0,250,0,250,0,0,0,0,0,0,0,0,0,0,0,0,0,0,0,0,0,0,0,0,0,0
quickly_secure_point,,MEDAL_QUICKLY_SECURE_POINT,t7_hud_medal_quickly_secure_point,,,,TRUE,,,TRUE,,gamemode,,0,0,0,0,0,0,0,0,0,0,0,0,0,0,0,0,0,250,0,0,0,0,0,0,0,0,0,0,0,0,0,0,0,0,0,0,0,0,0,0,0,0
kill_enemy_while_capping_dom,SCORE_DOM_CAPTURE_KILL,MEDAL_KILL_ENEMY_WHILE_CAPPING,t7_hud_medal_kill_enemy_while_capping_dom,,,,TRUE,,,TRUE,,gamemode,,0,0,0,0,0,0,0,0,100,100,0,0,0,0,0,0,0,0,0,0,0,0,0,0,0,0,0,0,0,0,0,0,0,0,0,0,0,0,0,0,0,0
kill_enemy_while_capping_hq,SCORE_HQ_CAPTURE_KILL,MEDAL_KILL_ENEMY_WHILE_CAPPING,t7_hud_medal_kill_enemy_while_capping_hq,,,,TRUE,,,TRUE,,,,0,0,0,0,0,0,0,0,0,0,0,0,0,0,0,0,0,0,100,100,0,0,0,0,0,0,0,0,0,0,0,0,0,0,0,0,0,0,0,0,0,0
survivor,SCORE_SURVIVOR,,,,,,TRUE,,,,,,,0,0,0,0,0,0,0,0,0,0,0,0,0,0,0,0,0,0,0,0,5,100,0,0,0,0,0,0,0,0,0,0,0,0,0,0,0,0,0,0,0,0
humiliation_gun,,MEDAL_HUMILIATION_GUN,t7_hud_medal_humiliation_gun,,,,TRUE,,,TRUE,,gamemode,,0,0,0,0,0,0,0,0,0,0,0,0,0,0,0,0,0,0,0,0,0,0,0,0,0,100,0,0,0,0,0,0,0,0,0,0,0,0,0,0,0,0
melee_leader_gun,,MEDAL_KNIFE_LEADER_GUN,t7_hud_medal_knife_leader_gun,,,,TRUE,,,TRUE,,gamemode,,0,0,0,0,0,0,0,0,0,0,0,0,0,0,0,0,0,0,0,0,0,0,0,0,0,100,0,0,0,0,0,0,0,0,0,0,0,0,0,0,0,0
kill_in_3_seconds_gun,,MEDAL_KILL_IN_3_SECONDS_GUN,t7_hud_medal_kill_in_3_second_gun,,,,TRUE,,,TRUE,,gamemode,,0,0,0,0,0,0,0,0,0,0,0,0,0,0,0,0,0,0,0,0,0,0,0,0,0,150,0,0,0,0,0,0,0,0,0,0,0,0,0,0,0,0
x2_score_shrp,,MEDAL_X2_SCORE_SHRP,t7_hud_medal_x2_score_shrp,,,,TRUE,,,,,,,0,0,0,0,0,0,0,0,0,0,0,0,0,0,0,0,0,0,0,0,0,0,0,0,0,0,0,50,0,0,0,0,0,0,0,0,0,0,0,0,0,0
most_points_shrp,,MEDAL_MOST_POINTS_SHRP,t7_hud_medal_most_points_shrp,,,,TRUE,,,,,,,0,0,0,0,0,0,0,0,0,0,0,0,0,0,0,0,0,0,0,0,0,0,0,0,0,0,0,200,0,0,0,0,0,0,0,0,0,0,0,0,0,0
kill_x2_score_shrp,,MEDAL_KILL_X2_SCORE_SHRP,t7_hud_medal_kill_x2_score_shrp,,,,TRUE,,,,,,,0,0,0,0,0,0,0,0,0,0,0,0,0,0,0,0,0,0,0,0,0,0,0,0,0,0,0,50,0,0,0,0,0,0,0,0,0,0,0,0,0,0
knife_with_ammo_oic,,MEDAL_KNIFE_WITH_AMMO_OIC,t7_hud_medal_knife_with_ammo_oic,,,,TRUE,,,,,,,0,0,0,0,0,0,0,0,0,0,0,0,0,0,0,0,0,0,0,0,0,50,0,0,0,0,0,0,0,0,0,0,0,0,0,0,0,0,0,0,0,0
eliminate_oic,,MEDAL_ELIMINATE_OIC,t7_hud_medal_eliminate_oic,,,,TRUE,,,,,,,0,0,0,0,0,0,0,0,0,0,0,0,0,0,0,0,0,0,0,0,0,100,0,0,0,0,0,0,0,0,0,0,0,0,0,0,0,0,0,0,0,0
kill_enemy_with_more_ammo_oic,,MEDAL_KILL_ENEMY_WITH_MORE_AMMO_OIC,t7_hud_medal_kill_enemy_with_more_ammo_oic,,,,TRUE,,,,,,,0,0,0,0,0,0,0,0,0,0,0,0,0,0,0,0,0,0,0,0,0,150,0,0,0,0,0,0,0,0,0,0,0,0,0,0,0,0,0,0,0,0
hack_3_agrs,,MEDAL_HACK_3_AGRS_IN_HACK,,,,,TRUE,,,,,,,0,0,0,0,0,0,0,0,0,0,0,0,0,0,0,0,0,0,0,0,0,0,0,0,0,0,0,0,0,150,0,0,0,0,0,0,0,0,0,0,0,0
kill_hacker,,MEDAL_KILL_HACKER_IN_HACK,,,,,TRUE,,,,,,,0,0,0,0,0,0,0,0,0,0,0,0,0,0,0,0,0,0,0,0,0,0,0,0,0,0,0,0,0,50,0,0,0,0,0,0,0,0,0,0,0,0
kill_hacker_then_hack,,MEDAL_KILL_HACKER_THEN_HACK_IN_HACK,,,,,TRUE,,,,,,,0,0,0,0,0,0,0,0,0,0,0,0,0,0,0,0,0,0,0,0,0,0,0,0,0,0,0,0,0,350,0,0,0,0,0,0,0,0,0,0,0,0
kill_sd,,MEDAL_ELIMINATE_SD,t7_hud_medal_kill_sd,,,,TRUE,,,TRUE,TRUE,gamemode,,0,0,0,0,0,0,0,0,0,0,0,0,0,500,0,500,0,0,0,0,0,0,0,0,0,0,0,0,0,0,0,0,0,0,0,0,0,0,0,0,0,0
kill_gun,SCORE_GUN,,,,,,TRUE,,,TRUE,TRUE,,,0,0,0,0,0,0,0,0,0,0,0,0,0,0,0,0,0,0,0,0,0,0,0,0,10,100,0,0,0,0,0,0,0,0,0,0,0,0,0,0,0,0
kill_enemy_that_is_in_air,,MEDAL_KILL_ENEMY_THAT_IS_IN_AIR,t7_hud_medal_kill_enemy_that_is_in_air,,,,TRUE,,,TRUE,,combat,,0,100,0,100,0,100,0,100,0,100,0,100,0,100,0,100,0,100,0,100,0,100,0,100,0,100,0,100,0,100,0,100,0,100,0,100,0,100,0,100,0,100
kill_enemy_while_in_air,,MEDAL_KILL_ENEMY_WHILE_IN_AIR,t7_hud_medal_kill_enemy_while_in_air,,,,TRUE,,,TRUE,,combat,,0,100,0,100,0,100,0,100,0,100,0,100,0,100,0,100,0,100,0,100,0,100,0,100,0,100,0,100,0,100,0,100,0,100,0,100,0,100,0,100,0,100
kill_enemy_that_is_wallrunning,,MEDAL_KILL_ENEMY_THAT_IS_WALLRUNNING,t7_hud_medal_kill_enemy_that_is_wallrunning,,,,TRUE,,,TRUE,,combat,,0,100,0,100,0,100,0,100,0,100,0,100,0,100,0,100,0,100,0,100,0,100,0,100,0,100,0,100,0,100,0,100,0,100,0,100,0,100,0,100,0,100
kill_enemy_while_wallrunning,,MEDAL_KILL_ENEMY_WHILE_WALLRUNNING,t7_hud_medal_kill_enemy_while_wallrunning,,,,TRUE,,,TRUE,,combat,,0,100,0,100,0,100,0,100,0,100,0,100,0,100,0,100,0,100,0,100,0,100,0,100,0,100,0,100,0,100,0,100,0,100,0,100,0,100,0,100,0,100
minigun_kill,SCORE_MINIGUN_KILL,,,,TRUE,,,,10,TRUE,,,,25,25,25,25,25,25,25,25,25,25,25,25,25,25,25,25,25,25,25,25,25,25,25,25,25,25,25,25,25,25,25,25,25,25,25,25,25,25,25,25,25,25
flamethrower_kill,SCORE_FLAMETHROWER_KILL,,,,TRUE,,,,10,TRUE,,,,25,25,25,25,25,25,25,25,25,25,25,25,25,25,25,25,25,25,25,25,25,25,25,25,25,25,25,25,25,25,25,25,25,25,25,25,25,25,25,25,25,25
lightninggun_kill,SCORE_LIGHTNINGGUN_KILL,,,,TRUE,,,,10,TRUE,,,,25,25,25,25,25,25,25,25,25,25,25,25,25,25,25,25,25,25,25,25,25,25,25,25,25,25,25,25,25,25,25,25,25,25,25,25,25,25,25,25,25,25
gelgun_kill,SCORE_GELGUN_KILL,,,,TRUE,,,,10,TRUE,,,,25,25,25,25,25,25,25,25,25,25,25,25,25,25,25,25,25,25,25,25,25,25,25,25,25,25,25,25,25,25,25,25,25,25,25,25,25,25,25,25,25,25
pineapple_kill,SCORE_PINEAPPLE_KILL,,,,TRUE,,,,10,TRUE,,,,25,25,25,25,25,25,25,25,25,25,25,25,25,25,25,25,25,25,25,25,25,25,25,25,25,25,25,25,25,25,25,25,25,25,25,25,25,25,25,25,25,25
armblades_kill,SCORE_ARMBLADES_KILL,,,,TRUE,,,,10,TRUE,,,,50,50,50,50,50,50,50,50,50,50,50,50,50,50,50,50,50,50,50,50,50,50,50,50,50,50,50,50,50,50,50,50,50,50,50,50,50,50,50,50,50,50
bowlauncher_kill,SCORE_BOWLAUNCHER_KILL,,,,TRUE,,,,10,TRUE,,,,25,25,25,25,25,25,25,25,25,25,25,25,25,25,25,25,25,25,25,25,25,25,25,25,25,25,25,25,25,25,25,25,25,25,25,25,25,25,25,25,25,25
gravityspikes_kill,SCORE_GRAVITYSPIKES_KILL,,,,TRUE,,,,10,TRUE,,,,25,25,25,25,25,25,25,25,25,25,25,25,25,25,25,25,25,25,25,25,25,25,25,25,25,25,25,25,25,25,25,25,25,25,25,25,25,25,25,25,25,25
annihilator_kill,SCORE_ANNIHILATOR_KILL,,,,TRUE,,,,10,TRUE,,,,25,25,25,25,25,25,25,25,25,25,25,25,25,25,25,25,25,25,25,25,25,25,25,25,25,25,25,25,25,25,25,25,25,25,25,25,25,25,25,25,25,25
killed_minigun_enemy,SCORE_KILLED_MINIGUN_ENEMY,,,,TRUE,,TRUE,,8,TRUE,,,,25,0,25,0,25,0,25,0,25,0,25,0,25,0,25,0,25,0,25,0,25,0,25,0,25,0,25,0,25,0,25,0,25,0,25,0,25,0,25,0,25,0
killed_flamethrower_enemy,SCORE_KILLED_FLAMETHROWER_ENEMY,,,,TRUE,,TRUE,,8,TRUE,,,,25,0,25,0,25,0,25,0,25,0,25,0,25,0,25,0,25,0,25,0,25,0,25,0,25,0,25,0,25,0,25,0,25,0,25,0,25,0,25,0,25,0
killed_lightninggun_enemy,SCORE_KILLED_LIGHTNINGGUN_ENEMY,,,,TRUE,,TRUE,,8,TRUE,,,,25,0,25,0,25,0,25,0,25,0,25,0,25,0,25,0,25,0,25,0,25,0,25,0,25,0,25,0,25,0,25,0,25,0,25,0,25,0,25,0,25,0
killed_gelgun_enemy,SCORE_KILLED_GELGUN_ENEMY,,,,TRUE,,TRUE,,8,TRUE,,,,25,0,25,0,25,0,25,0,25,0,25,0,25,0,25,0,25,0,25,0,25,0,25,0,25,0,25,0,25,0,25,0,25,0,25,0,25,0,25,0,25,0
killed_pineapple_enemy,SCORE_KILLED_PINEAPPLE_ENEMY,,,,TRUE,,TRUE,,8,TRUE,,,,25,0,25,0,25,0,25,0,25,0,25,0,25,0,25,0,25,0,25,0,25,0,25,0,25,0,25,0,25,0,25,0,25,0,25,0,25,0,25,0,25,0
killed_armblades_enemy,SCORE_KILLED_ARMBLADES_ENEMY,,,,TRUE,,TRUE,,8,TRUE,,,,25,0,25,0,25,0,25,0,25,0,25,0,25,0,25,0,25,0,25,0,25,0,25,0,25,0,25,0,25,0,25,0,25,0,25,0,25,0,25,0,25,0
killed_bowlauncher_enemy,SCORE_KILLED_BOWLAUNCHER_ENEMY,,,,TRUE,,TRUE,,8,TRUE,,,,25,0,25,0,25,0,25,0,25,0,25,0,25,0,25,0,25,0,25,0,25,0,25,0,25,0,25,0,25,0,25,0,25,0,25,0,25,0,25,0,25,0
killed_gravityspikes_enemy,SCORE_KILLED_GRAVITYSPIKES_ENEMY,,,,TRUE,,TRUE,,8,TRUE,,,,25,0,25,0,25,0,25,0,25,0,25,0,25,0,25,0,25,0,25,0,25,0,25,0,25,0,25,0,25,0,25,0,25,0,25,0,25,0,25,0,25,0
killed_annihilator_enemy,SCORE_KILLED_ANNIHILATOR_ENEMY,,,,TRUE,,TRUE,,8,TRUE,,,,25,0,25,0,25,0,25,0,25,0,25,0,25,0,25,0,25,0,25,0,25,0,25,0,25,0,25,0,25,0,25,0,25,0,25,0,25,0,25,0,25,0
killed_clone_enemy,SCORE_KILLED_CLONE_ENEMY,,,,TRUE,combat_efficiency_bonus_3,TRUE,,8,TRUE,,,,10,10,10,10,10,10,10,10,10,10,10,10,10,10,10,10,10,10,10,10,10,10,10,10,10,10,10,10,10,10,10,10,10,10,10,10,10,10,10,10,10,10
combat_efficiency_bonus_1,SCORE_COMBAT_EFFICIENCY_BONUS_1,,,,,,,,,TRUE,,,,100,100,100,100,100,100,100,100,100,100,100,100,100,100,100,100,100,100,100,100,100,100,100,100,100,100,100,100,100,100,100,100,100,100,100,100,100,100,100,100,100,100
combat_efficiency_bonus_2,SCORE_COMBAT_EFFICIENCY_BONUS_2,,,,,,,,,TRUE,,,,50,50,50,50,50,50,50,50,50,50,50,50,50,50,50,50,50,50,50,50,50,50,50,50,50,50,50,50,50,50,50,50,50,50,50,50,50,50,50,50,50,50
combat_efficiency_bonus_3,SCORE_COMBAT_EFFICIENCY_BONUS_3,,,,,,,,,TRUE,,,,10,10,10,10,10,10,10,10,10,10,10,10,10,10,10,10,10,10,10,10,10,10,10,10,10,10,10,10,10,10,10,10,10,10,10,10,10,10,10,10,10,10
frag_multikill,,MEDAL_FRAG_MULTIKILL,t7_hud_medal_frag_multikill,,,,,,,TRUE,,combat,,0,100,0,100,0,100,0,100,0,100,0,100,0,100,0,100,0,100,0,100,0,100,0,100,0,100,0,100,0,100,0,100,0,100,0,100,0,100,0,100,0,100
traversal_kill,,MEDAL_TRAVERSAL_KILL,t7_hud_medal_traversal_kill,,,,,,,TRUE,,combat,,0,100,0,100,0,100,0,100,0,100,0,100,0,100,0,100,0,100,0,100,0,100,0,100,0,100,0,100,0,100,0,100,0,100,0,100,0,100,0,100,0,100
kill_enemy_while_sliding,,MEDAL_KILL_ENEMY_WHILE_SLIDING,t7_hud_medal_kill_enemy_while_sliding,,,,,,,TRUE,,combat,,0,100,0,100,0,100,0,100,0,100,0,100,0,100,0,100,0,100,0,100,0,100,0,100,0,100,0,100,0,100,0,100,0,100,0,100,0,100,0,100,0,100
combat_robot_kill,SCORE_COMBAT_ROBOT_KILL,MEDAL_COMBAT_ROBOT_KILL,t7_hud_medal_combat_robot_kill,,TRUE,combat_efficiency_bonus_3,TRUE,,,TRUE,,scorestreak,,25,100,25,100,25,100,25,100,25,100,25,100,25,100,25,100,25,100,25,100,0,0,0,0,0,0,0,0,0,0,25,100,25,100,25,100,25,100,25,100,25,100
hover_rcxd_kill,SCORE_RCXD_KILL,MEDAL_HOVER_RCXD_KILL,t7_hud_medal_hover_rcxd_kill,,TRUE,combat_efficiency_bonus_3,TRUE,,,TRUE,,scorestreak,,25,100,25,100,25,100,25,100,25,100,25,100,25,100,25,100,25,100,25,100,0,0,0,0,0,0,0,0,0,0,25,100,25,100,25,100,25,100,25,100,25,100
vtol_mothership_kill,SCORE_MOTHERSHIP_KILL,MEDAL_VTOL_MOTHERSHIP_KILL,t7_hud_medal_vtol_mothership_kill,,TRUE,combat_efficiency_bonus_3,TRUE,,,TRUE,,scorestreak,,25,100,25,100,25,100,25,100,25,100,25,100,25,100,25,100,25,100,25,100,0,0,0,0,0,0,0,0,0,0,25,100,25,100,25,100,25,100,25,100,25,100
mothership_assist_kill,SCORE_MOTHERSHIP_ASSIST_KILL,,,,TRUE,combat_efficiency_bonus_3,TRUE,,,TRUE,,,,15,100,15,100,15,100,15,100,15,100,15,100,15,100,15,100,15,100,15,100,0,0,0,0,0,0,0,0,0,0,15,100,15,100,15,100,15,100,15,100,15,100
helicopter_comlink_kill,SCORE_HELICOPTER_KILL,MEDAL_HELICOPTER_COMLINK_KILL,t7_hud_medal_helicopter_comlink_kill,,TRUE,combat_efficiency_bonus_3,TRUE,,,TRUE,,scorestreak,,25,100,25,100,25,100,25,100,25,100,25,100,25,100,25,100,25,100,25,100,0,0,0,0,0,0,0,0,0,0,25,100,25,100,25,100,25,100,25,100,25,100
destroyed_hover_rcxd,SCORE_DESTROYED_RCBOMB,MEDAL_DESTROYED_HOVER_RCXD,t7_hud_medal_destroyed_hover_rcxd,,TRUE,combat_efficiency_bonus_1,TRUE,,,TRUE,TRUE,antiscorestreak,,75,100,75,100,75,100,75,100,75,100,75,100,75,100,75,100,75,100,75,100,75,100,75,100,75,100,75,100,75,100,75,100,75,100,75,100,75,100,75,100,75,100
destroyed_vtol_mothership,SCORE_DESTROYED_HELICOPTER_GUNNER,MEDAL_DESTROYED_VTOL_MOTHERSHIP,t7_hud_medal_destroyed_vtol_mothership,,TRUE,combat_efficiency_bonus_1,TRUE,,,TRUE,TRUE,antiscorestreak,,200,200,200,200,200,200,200,200,200,200,200,200,200,200,200,200,200,200,200,200,200,200,200,200,200,200,200,200,200,200,200,200,200,200,200,200,200,200,200,200,200,200
share_care_package,SCORE_SHARE_CARE_PACKAGE,MEDAL_SHARE_CARE_PACKAGE,t7_hud_medal_share_care_package,,,combat_efficiency_bonus_2,,,,TRUE,,scorestreak,,50,100,50,100,50,100,50,100,50,100,50,100,50,100,50,100,50,100,50,100,50,100,50,100,50,100,50,100,50,100,50,100,50,100,50,100,50,100,50,100,50,100
vision_pulse_kill,,MEDAL_VISION_PULSE_KILL,t7_hud_medal_vision_pulse_kill,,,,,,,TRUE,,specialist,,0,100,0,100,0,100,0,100,0,100,0,100,0,100,0,100,0,100,0,100,0,100,0,100,0,100,0,100,0,100,0,100,0,100,0,100,0,100,0,100,0,100
flashback_kill,,MEDAL_FLASHBACK_KILL,t7_hud_medal_flashback_kill,,,,,,,TRUE,,specialist,,0,100,0,100,0,100,0,100,0,100,0,100,0,100,0,100,0,100,0,100,0,100,0,100,0,100,0,100,0,100,0,100,0,100,0,100,0,100,0,100,0,100
cleanse_kill,,MEDAL_CLEANSE_KILL,t7_hud_medal_cleanse_kill,,,,,,,TRUE,,,,0,100,0,100,0,100,0,100,0,100,0,100,0,100,0,100,0,100,0,100,0,100,0,100,0,100,0,100,0,100,0,100,0,100,0,100,0,100,0,100,0,100
speed_burst_kill,,MEDAL_SPEED_BURST_KILL,t7_hud_medal_speed_burst_kill,,,,,,,TRUE,,specialist,,0,100,0,100,0,100,0,100,0,100,0,100,0,100,0,100,0,100,0,100,0,100,0,100,0,100,0,100,0,100,0,100,0,100,0,100,0,100,0,100,0,100
focus_earn_scorestreak,,MEDAL_FOCUS_EARN_SCORESTREAK,t7_hud_medal_focus_earn_scorestreak,,,,,,,TRUE,,specialist,,0,100,0,100,0,100,0,100,0,100,0,100,0,100,0,100,0,100,0,100,0,100,0,100,0,100,0,100,0,100,0,100,0,100,0,100,0,100,0,100,0,100
end_enemy_specialist_weapon,,MEDAL_END_ENEMY_SPECIALIST_WEAPON,t7_hud_medal_end_enemy_specialist_weapon,,,,,,,TRUE,,antispecialist,,0,100,0,100,0,100,0,100,0,100,0,100,0,100,0,100,0,100,0,100,0,100,0,100,0,100,0,100,0,100,0,100,0,100,0,100,0,100,0,100,0,100
kill_enemy_that_pulsed_you,,MEDAL_KILL_ENEMY_THAT_PULSED_YOU,t7_hud_medal_kill_enemy_that_pulsed_you,,,,,,,TRUE,,antispecialist,,0,100,0,100,0,100,0,100,0,100,0,100,0,100,0,100,0,100,0,100,0,100,0,100,0,100,0,100,0,100,0,100,0,100,0,100,0,100,0,100,0,100
kill_enemy_who_has_flashbacked,,MEDAL_KILL_ENEMY_WHO_HAS_FLASHBACKED,t7_hud_medal_kill_enemy_who_has_flashbacked,,,,,,,TRUE,,antispecialist,,0,100,0,100,0,100,0,100,0,100,0,100,0,100,0,100,0,100,0,100,0,100,0,100,0,100,0,100,0,100,0,100,0,100,0,100,0,100,0,100,0,100
kill_enemy_who_is_speedbursting,,MEDAL_KILL_ENEMY_WHO_IS_SPEEDBURSTING,t7_hud_medal_kill_enemy_who_is_speedbursting,,,,,,,TRUE,,antispecialist,,0,100,0,100,0,100,0,100,0,100,0,100,0,100,0,100,0,100,0,100,0,100,0,100,0,100,0,100,0,100,0,100,0,100,0,100,0,100,0,100,0,100
kill_enemy_who_is_using_focus,,MEDAL_KILL_ENEMY_WHO_IS_USING_FOCUS,t7_hud_medal_kill_enemy_who_is_using_focus,,,,,,,TRUE,,antispecialist,,0,100,0,100,0,100,0,100,0,100,0,100,0,100,0,100,0,100,0,100,0,100,0,100,0,100,0,100,0,100,0,100,0,100,0,100,0,100,0,100,0,100
end_enemy_armblades_attack,,MEDAL_END_ENEMY_ARMBLADES_ATTACK,t7_hud_medal_end_enemy_armblades_attack,,,,,,,TRUE,,antispecialist,,0,100,0,100,0,100,0,100,0,100,0,100,0,100,0,100,0,100,0,100,0,100,0,100,0,100,0,100,0,100,0,100,0,100,0,100,0,100,0,100,0,100
bowlauncher_multikill,,MEDAL_BOWLAUNCHER_MULTIKILL,t7_hud_medal_bowlauncher_multikill,,,,,,,TRUE,,specialist,,0,100,0,100,0,100,0,100,0,100,0,100,0,100,0,250,0,100,0,250,0,250,0,250,0,100,0,250,0,250,0,250,0,100,0,100,0,100,0,100,0,100
lightninggun_multikill,,MEDAL_LIGHTNINGGUN_MULTIKILL,t7_hud_medal_lightningun_multikill,,,,,,,TRUE,,specialist,,0,100,0,100,0,100,0,100,0,100,0,100,0,100,0,250,0,100,0,250,0,250,0,250,0,100,0,250,0,250,0,250,0,100,0,100,0,100,0,100,0,100
minigun_multikill,,MEDAL_MINIGUN_MULTIKILL,t7_hud_medal_minigun_multikill,,,,,,,TRUE,,specialist,,0,100,0,100,0,100,0,100,0,100,0,100,0,100,0,250,0,100,0,250,0,250,0,250,0,100,0,250,0,250,0,250,0,100,0,100,0,100,0,100,0,100
gravityspikes_multikill,,MEDAL_GRAVITYSPIKES_MULTIKILL,t7_hud_medal_gravityspikes_multikill,,,,,,,TRUE,,specialist,,0,100,0,100,0,100,0,100,0,100,0,100,0,100,0,250,0,100,0,250,0,250,0,250,0,100,0,250,0,250,0,250,0,100,0,100,0,100,0,100,0,100
annihilator_multikill,,MEDAL_ANNIHILATOR_MULTIKILL,t7_hud_medal_annihilator_multikill,,,,,,,TRUE,,specialist,,0,100,0,100,0,100,0,100,0,100,0,100,0,100,0,250,0,100,0,250,0,250,0,250,0,100,0,250,0,250,0,250,0,100,0,100,0,100,0,100,0,100
bowlauncher_multikill_2,,MEDAL_BOWLAUNCHER_MULTIKILL_2,t7_hud_medal_bowlauncher_multikill_2,,,,,,,TRUE,,specialist,,0,100,0,100,0,100,0,100,0,100,0,100,0,100,0,250,0,100,0,250,0,250,0,250,0,100,0,250,0,250,0,250,0,100,0,100,0,100,0,100,0,100
lightninggun_multikill_2,,MEDAL_LIGHTNINGGUN_MULTIKILL_2,t7_hud_medal_lightningun_multikill_2,,,,,,,TRUE,,specialist,,0,100,0,100,0,100,0,100,0,100,0,100,0,100,0,250,0,100,0,250,0,250,0,250,0,100,0,250,0,250,0,250,0,100,0,100,0,100,0,100,0,100
minigun_multikill_2,,MEDAL_MINIGUN_MULTIKILL_2,t7_hud_medal_minigun_multikill_2,,,,,,,TRUE,,specialist,,0,100,0,100,0,100,0,100,0,100,0,100,0,100,0,250,0,100,0,250,0,250,0,250,0,100,0,250,0,250,0,250,0,100,0,100,0,100,0,100,0,100
gravityspikes_multikill_2,,MEDAL_GRAVITYSPIKES_MULTIKILL_2,t7_hud_medal_gravityspikes_multikill_2,,,,,,,TRUE,,specialist,,0,100,0,100,0,100,0,100,0,100,0,100,0,100,0,250,0,100,0,250,0,250,0,250,0,100,0,250,0,250,0,250,0,100,0,100,0,100,0,100,0,100
annihilator_multikill_2,,MEDAL_ANNIHILATOR_MULTIKILL_2,t7_hud_medal_annihilator_multikill_2,,,,,,,TRUE,,specialist,,0,100,0,100,0,100,0,100,0,100,0,100,0,100,0,250,0,100,0,250,0,250,0,250,0,100,0,250,0,250,0,250,0,100,0,100,0,100,0,100,0,100
destroyed_helicopter_giunit_drop,,MEDAL_DESTROYED_HELICOPTER_GIUNIT_DROP,t7_hud_medal_destroyed_helicopter_giunit_drop,,,,,,,TRUE,TRUE,antiscorestreak,,0,100,0,100,0,100,0,100,0,100,0,100,0,100,0,100,0,100,0,100,0,100,0,100,0,100,0,100,0,100,0,100,0,100,0,100,0,100,0,100,0,100
destroyed_helicopter_agr_drop,,MEDAL_DESTROYED_HELICOPTER_AGR_DROP,t7_hud_medal_destroyed_helicopter_agr_drop,,,,,,,TRUE,TRUE,antiscorestreak,,0,100,0,100,0,100,0,100,0,100,0,100,0,100,0,100,0,100,0,100,0,100,0,100,0,100,0,100,0,100,0,100,0,100,0,100,0,100,0,100,0,100
hacked_killstreak_protection,SCORE_HACKED_KILLSTREAK_PROTECTION,,,,,combat_efficiency_bonus_2,,,,TRUE,,,,50,50,50,50,50,50,50,50,50,50,50,50,50,50,50,50,50,50,50,50,50,50,50,50,50,50,50,50,50,50,50,50,50,50,50,50,50,50,50,50,50,50
hacked_ai_tank,SCORE_HACKED_AI_TANK,,,,,combat_efficiency_bonus_2,,,,TRUE,,,,50,50,50,50,50,50,50,50,50,50,50,50,50,50,50,50,50,50,50,50,50,50,50,50,50,50,50,50,50,50,50,50,50,50,50,50,50,50,50,50,50,50
hacked_autoturret,SCORE_HACKED_AUTOTURRET,,,,,combat_efficiency_bonus_2,,,,TRUE,,,,50,50,50,50,50,50,50,50,50,50,50,50,50,50,50,50,50,50,50,50,50,50,50,50,50,50,50,50,50,50,50,50,50,50,50,50,50,50,50,50,50,50
hacked_combat_robot,SCORE_HACKED_COMBAT_ROBOT,,,,,combat_efficiency_bonus_2,,,,TRUE,,,,50,50,50,50,50,50,50,50,50,50,50,50,50,50,50,50,50,50,50,50,50,50,50,50,50,50,50,50,50,50,50,50,50,50,50,50,50,50,50,50,50,50
hacked_counteruav,SCORE_HACKED_COUNTERUAV,,,,,combat_efficiency_bonus_2,,,,TRUE,,,,50,50,50,50,50,50,50,50,50,50,50,50,50,50,50,50,50,50,50,50,50,50,50,50,50,50,50,50,50,50,50,50,50,50,50,50,50,50,50,50,50,50
hacked_dart,SCORE_HACKED_DART,,,,,combat_efficiency_bonus_2,,,,TRUE,,,,50,50,50,50,50,50,50,50,50,50,50,50,50,50,50,50,50,50,50,50,50,50,50,50,50,50,50,50,50,50,50,50,50,50,50,50,50,50,50,50,50,50
hacked_emp,SCORE_HACKED_EMP,,,,,combat_efficiency_bonus_2,,,,TRUE,,,,50,50,50,50,50,50,50,50,50,50,50,50,50,50,50,50,50,50,50,50,50,50,50,50,50,50,50,50,50,50,50,50,50,50,50,50,50,50,50,50,50,50
hacked_helicopter_comlink,SCORE_HACKED_HELICOPTER_COMLINK,,,,,combat_efficiency_bonus_2,,,,TRUE,,,,50,50,50,50,50,50,50,50,50,50,50,50,50,50,50,50,50,50,50,50,50,50,50,50,50,50,50,50,50,50,50,50,50,50,50,50,50,50,50,50,50,50
hacked_microwaveturret,SCORE_HACKED_MICROWAVETURRET,,,,,combat_efficiency_bonus_2,,,,TRUE,,,,50,50,50,50,50,50,50,50,50,50,50,50,50,50,50,50,50,50,50,50,50,50,50,50,50,50,50,50,50,50,50,50,50,50,50,50,50,50,50,50,50,50
hacked_mothership,SCORE_HACKED_MOTHERSHIP,,,,,combat_efficiency_bonus_2,,,,TRUE,,,,50,50,50,50,50,50,50,50,50,50,50,50,50,50,50,50,50,50,50,50,50,50,50,50,50,50,50,50,50,50,50,50,50,50,50,50,50,50,50,50,50,50
hacked_raps,SCORE_HACKED_RAPS,,,,,combat_efficiency_bonus_2,,,,TRUE,,,,50,50,50,50,50,50,50,50,50,50,50,50,50,50,50,50,50,50,50,50,50,50,50,50,50,50,50,50,50,50,50,50,50,50,50,50,50,50,50,50,50,50
hacked_rcbomb,SCORE_HACKED_RCBOMB,,,,,combat_efficiency_bonus_2,,,,TRUE,,,,50,50,50,50,50,50,50,50,50,50,50,50,50,50,50,50,50,50,50,50,50,50,50,50,50,50,50,50,50,50,50,50,50,50,50,50,50,50,50,50,50,50
hacked_satellite,SCORE_HACKED_SATELLITE,,,,,combat_efficiency_bonus_2,,,,TRUE,,,,50,50,50,50,50,50,50,50,50,50,50,50,50,50,50,50,50,50,50,50,50,50,50,50,50,50,50,50,50,50,50,50,50,50,50,50,50,50,50,50,50,50
hacked_sentinel,SCORE_HACKED_SENTINEL,,,,,combat_efficiency_bonus_2,,,,TRUE,,,,50,50,50,50,50,50,50,50,50,50,50,50,50,50,50,50,50,50,50,50,50,50,50,50,50,50,50,50,50,50,50,50,50,50,50,50,50,50,50,50,50,50
hacked_supply_drop,SCORE_HACKED_SUPPLY_DROP,,,,,combat_efficiency_bonus_2,,,,TRUE,,,,50,50,50,50,50,50,50,50,50,50,50,50,50,50,50,50,50,50,50,50,50,50,50,50,50,50,50,50,50,50,50,50,50,50,50,50,50,50,50,50,50,50
hacked_uav,SCORE_HACKED_UAV,,,,,combat_efficiency_bonus_2,,,,TRUE,,,,50,50,50,50,50,50,50,50,50,50,50,50,50,50,50,50,50,50,50,50,50,50,50,50,50,50,50,50,50,50,50,50,50,50,50,50,50,50,50,50,50,50
downed_player,SCORE_KILL,,,,,combat_efficiency_bonus_1,TRUE,,,TRUE,TRUE,,,100,100,100,100,50,50,100,100,100,100,100,100,100,100,100,100,100,100,100,100,10,100,10,100,0,0,10,100,100,100,100,100,100,100,100,100,50,50,50,50,100,100
disabled_robot,,,,,,,,,,,,,,0,0,0,0,0,0,0,0,0,0,0,0,0,0,0,0,0,0,0,0,0,0,0,0,0,0,0,0,0,0,0,0,0,0,0,0,200,200,200,200,0,0
reboot_robot,,,,,,,,,,,,,,0,0,0,0,0,0,0,0,0,0,0,0,0,0,0,0,0,0,0,0,0,0,0,0,0,0,0,0,0,0,0,0,0,0,0,0,200,200,200,200,0,0
kill_enemy_with_gunbutt,,MEDAL_KILL_ENEMY_WITH_GUNBUTT,t7_hud_medal_kill_enemy_with_gunbutt,,,,TRUE,TRUE,,TRUE,,combat,,0,100,0,100,0,100,0,100,0,100,0,100,0,100,0,100,0,100,0,100,0,100,0,100,0,100,0,100,0,100,0,100,0,100,0,100,0,100,0,100,0,100
kill_enemy_with_fists,,MEDAL_KILL_ENEMY_WITH_FISTS,t7_hud_medal_kill_enemy_with_fists,,,,TRUE,TRUE,,TRUE,,combat,,0,100,0,100,0,100,0,100,0,100,0,100,0,100,0,100,0,100,0,100,0,100,0,100,0,100,0,100,0,100,0,100,0,100,0,100,0,100,0,100,0,100
kill_enemy_who_has_high_score,,MEDAL_KILL_ENEMY_WHO_HAS_HIGH_SCORE,t7_hud_medal_kill_enemy_who_has_high_score,,,,TRUE,TRUE,,TRUE,,combat,,0,100,0,100,0,100,0,100,0,100,0,100,0,100,0,100,0,100,0,100,0,100,0,100,0,100,0,100,0,100,0,100,0,100,0,100,0,100,0,100,0,100
kill_enemy_while_both_in_air,,MEDAL_KILL_ENEMY_WHILE_BOTH_IN_AIR,t7_hud_medal_kill_enemy_while_both_in_air,,,,TRUE,TRUE,,TRUE,,combat,,0,100,0,100,0,100,0,100,0,100,0,100,0,100,0,100,0,100,0,100,0,100,0,100,0,100,0,100,0,100,0,100,0,100,0,100,0,100,0,100,0,100
destroyed_heliopter_giunit_drop,,MEDAL_DESTROYED_HELICOPTER_GIUNIT_DROP,t7_hud_medal_destroyed_helicopter_giunit_drop,,,,TRUE,TRUE,,TRUE,TRUE,antiscorestreak,,0,100,0,100,0,100,0,100,0,100,0,100,0,100,0,100,0,100,0,100,0,100,0,100,0,100,0,100,0,100,0,100,0,100,0,100,0,100,0,100,0,100
kill_enemy_while_using_psychosis,,MEDAL_KILL_ENEMY_WHILE_USING_PSYCHOSIS,t7_hud_medal_kill_enemy_while_using_psychosis,,,,TRUE,TRUE,,TRUE,,specialist,,0,100,0,100,0,100,0,100,0,100,0,100,0,100,0,100,0,100,0,100,0,100,0,100,0,100,0,100,0,100,0,100,0,100,0,100,0,100,0,100,0,100
focus_earn_multiscorestreak,,MEDAL_FOCUS_EARN_MULTISCORESTREAK,t7_hud_medal_focus_earn_multiscorestreak,,,,TRUE,TRUE,,TRUE,,specialist,,0,100,0,100,0,100,0,100,0,100,0,100,0,100,0,100,0,100,0,100,0,100,0,100,0,100,0,100,0,100,0,100,0,100,0,100,0,100,0,100,0,100
pineapple_multikill,,MEDAL_PINEAPPLE_MULTIKILL,t7_hud_medal_pineapple_multikill,,,,TRUE,TRUE,,TRUE,,specialist,,0,100,0,100,0,100,0,100,0,100,0,100,0,100,0,100,0,100,0,100,0,100,0,100,0,100,0,100,0,100,0,100,0,100,0,100,0,100,0,100,0,100
pineapple_multikill_2,,MEDAL_PINEAPPLE_MULTIKILL_2,t7_hud_medal_pineapple_multikill_2,,,,TRUE,TRUE,,TRUE,,specialist,,0,100,0,100,0,100,0,100,0,100,0,100,0,100,0,100,0,100,0,100,0,100,0,100,0,100,0,100,0,100,0,100,0,100,0,100,0,100,0,100,0,100
power_armor_kill,,MEDAL_POWER_ARMOR_KILL,t7_hud_medal_power_armor_kill,,,,TRUE,TRUE,,TRUE,,specialist,,0,100,0,100,0,100,0,100,0,100,0,100,0,100,0,100,0,100,0,100,0,100,0,100,0,100,0,100,0,100,0,100,0,100,0,100,0,100,0,100,0,100
gelgun_multikill,,MEDAL_GELGUN_MULTIKILL,t7_hud_medal_gelgun_multikill,,,,TRUE,TRUE,,TRUE,,specialist,,0,100,0,100,0,100,0,100,0,100,0,100,0,100,0,100,0,100,0,100,0,100,0,100,0,100,0,100,0,100,0,100,0,100,0,100,0,100,0,100,0,100
gelgun_multikill_2,,MEDAL_GELGUN_MULTIKILL_2,t7_hud_medal_gelgun_multikill_2,,,,TRUE,TRUE,,TRUE,,specialist,,0,100,0,100,0,100,0,100,0,100,0,100,0,100,0,100,0,100,0,100,0,100,0,100,0,100,0,100,0,100,0,100,0,100,0,100,0,100,0,100,0,100
resurrect_kill,,MEDAL_RESURRECT_KILL,t7_hud_medal_resurrect_kill,,,,TRUE,TRUE,,TRUE,,specialist,,0,100,0,100,0,100,0,100,0,100,0,100,0,100,0,100,0,100,0,100,0,100,0,100,0,100,0,100,0,100,0,100,0,100,0,100,0,100,0,100,0,100
armblades_multikill,,MEDAL_ARMBLADES_MULTIKILL,t7_hud_medal_armblades_multikill,,,,TRUE,TRUE,,TRUE,,specialist,,0,100,0,100,0,100,0,100,0,100,0,100,0,100,0,100,0,100,0,100,0,100,0,100,0,100,0,100,0,100,0,100,0,100,0,100,0,100,0,100,0,100
armblades_multikill_2,,MEDAL_ARMBLADES_MULTIKILL_2,t7_hud_medal_armblades_multikill_2,,,,TRUE,TRUE,,TRUE,,specialist,,0,100,0,100,0,100,0,100,0,100,0,100,0,100,0,100,0,100,0,100,0,100,0,100,0,100,0,100,0,100,0,100,0,100,0,100,0,100,0,100,0,100
optic_camo_kill,,MEDAL_OPTIC_CAMO_KILL,t7_hud_medal_optic_camo_kill,,,,TRUE,TRUE,,TRUE,,specialist,,0,100,0,100,0,100,0,100,0,100,0,100,0,100,0,100,0,100,0,100,0,100,0,100,0,100,0,100,0,100,0,100,0,100,0,100,0,100,0,100,0,100
end_enemy_psychosis,,MEDAL_END_ENEMY_PSYCHOSIS,t7_hud_medal_end_enemy_psychosis,,,,TRUE,TRUE,,TRUE,,antispecialist,,0,100,0,100,0,100,0,100,0,100,0,100,0,100,0,100,0,100,0,100,0,100,0,100,0,100,0,100,0,100,0,100,0,100,0,100,0,100,0,100,0,100
kill_enemy_who_has_powerarmor,,MEDAL_KILL_ENEMY_WHO_HAS_POWERARMOR,t7_hud_medal_kill_enemy_who_has_powerarmor,,,,TRUE,TRUE,,TRUE,,antispecialist,,0,100,0,100,0,100,0,100,0,100,0,100,0,100,0,100,0,100,0,100,0,100,0,100,0,100,0,100,0,100,0,100,0,100,0,100,0,100,0,100,0,100
kill_enemy_that_used_resurrect,,MEDAL_KILL_ENEMY_THAT_USED_RESURRECT,t7_hud_medal_kill_enemy_that_used_resurrect,,,,TRUE,TRUE,,TRUE,,antispecialist,,0,100,0,100,0,100,0,100,0,100,0,100,0,100,0,100,0,100,0,100,0,100,0,100,0,100,0,100,0,100,0,100,0,100,0,100,0,100,0,100,0,100
kill_enemy_that_is_using_optic_camo,,MEDAL_KILL_ENEMY_THAT_IS_USING_OPTIC_CAMO,t7_hud_medal_kill_enemy_that_is_using_optic_camo,,,,TRUE,TRUE,,TRUE,,antispecialist,,0,100,0,100,0,100,0,100,0,100,0,100,0,100,0,100,0,100,0,100,0,100,0,100,0,100,0,100,0,100,0,100,0,100,0,100,0,100,0,100,0,100
c4_multikill,,MEDAL_C4_MULTIKILL,t7_hud_medal_c4_multikill,,,,TRUE,TRUE,,TRUE,,combat,,0,100,0,100,0,100,0,100,0,100,0,100,0,100,0,100,0,100,0,100,0,100,0,100,0,100,0,100,0,100,0,100,0,100,0,100,0,100,0,100,0,100
kill_enemy_grenade_throwback,,MEDAL_KILL_ENEMY_GRENADE_THROWBACK,t7_hud_medal_kill_enemy_grenade_throwback,,,,TRUE,TRUE,,TRUE,,combat,,0,100,0,100,0,100,0,100,0,100,0,100,0,100,0,100,0,100,0,100,0,100,0,100,0,100,0,100,0,100,0,100,0,100,0,100,0,100,0,100,0,100
kill_enemy_while_flashbanged,,MEDAL_KILL_ENEMY_WHILE_FLASHBANGED,t7_hud_medal_kill_enemy_while_flashbanged,,,,TRUE,TRUE,,TRUE,,combat,,0,100,0,100,0,100,0,100,0,100,0,100,0,100,0,100,0,100,0,100,0,100,0,100,0,100,0,100,0,100,0,100,0,100,0,100,0,100,0,100,0,100
kill_enemy_while_stunned,,MEDAL_KILL_ENEMY_WHILE_STUNNED,t7_hud_medal_kill_enemy_while_stunned,,,,TRUE,TRUE,,TRUE,,combat,,0,100,0,100,0,100,0,100,0,100,0,100,0,100,0,100,0,100,0,100,0,100,0,100,0,100,0,100,0,100,0,100,0,100,0,100,0,100,0,100,0,100
kill_underwater_enemy_explosive,,MEDAL_KILL_UNDERWATER_ENEMY_EXPLOSIVE,t7_hud_medal_kill_enemy_underwater_explosive,,,,TRUE,TRUE,,TRUE,,combat,,0,100,0,100,0,100,0,100,0,100,0,100,0,100,0,100,0,100,0,100,0,100,0,100,0,100,0,100,0,100,0,100,0,100,0,100,0,100,0,100,0,100
electrified,,MEDAL_ELECTRIFIED,t7_hud_medal_electrified,,,,TRUE,TRUE,,TRUE,,specialist,,0,100,0,100,0,100,0,100,0,100,0,100,0,100,0,100,0,100,0,100,0,100,0,100,0,100,0,100,0,100,0,100,0,100,0,100,0,100,0,100,0,100
flamethrower_multikill,,MEDAL_FLAMETHROWER_MULTIKILL,t7_hud_medal_flamethrower_multikill,,,,TRUE,TRUE,,TRUE,,specialist,,0,100,0,100,0,100,0,100,0,100,0,100,0,100,0,100,0,100,0,100,0,100,0,100,0,100,0,100,0,100,0,100,0,100,0,100,0,100,0,100,0,100
flamethrower_multikill_2,,MEDAL_FLAMETHROWER_MULTIKILL_2,t7_hud_medal_flamethrower_multikill_2,,,,TRUE,TRUE,,TRUE,,specialist,,0,100,0,100,0,100,0,100,0,100,0,100,0,100,0,100,0,100,0,100,0,100,0,100,0,100,0,100,0,100,0,100,0,100,0,100,0,100,0,100,0,100
heatwave_kill,,MEDAL_HEATWAVE_KILL,t7_hud_medal_heatwave_kill,,,,TRUE,TRUE,,TRUE,,specialist,,0,100,0,100,0,100,0,100,0,100,0,100,0,100,0,100,0,100,0,100,0,100,0,100,0,100,0,100,0,100,0,100,0,100,0,100,0,100,0,100,0,100
optic_camo_capture_objective,,MEDAL_OPTIC_CAMO_CAPTURE_OBJECTIVE,t7_hud_medal_optic_camo_capture_objective,,,,TRUE,TRUE,,TRUE,,specialist,,0,100,0,100,0,100,0,100,0,100,0,100,0,100,0,100,0,100,0,100,0,100,0,100,0,100,0,100,0,100,0,100,0,100,0,100,0,100,0,100,0,100
end_enemy_gravity_spike_attack,,MEDAL_END_ENEMY_GRAVITY_SPIKE_ATTACK,t7_hud_medal_end_enemy_gravity_spike_attack,,,,TRUE,TRUE,,TRUE,,antispecialist,,0,100,0,100,0,100,0,100,0,100,0,100,0,100,0,100,0,100,0,100,0,100,0,100,0,100,0,100,0,100,0,100,0,100,0,100,0,100,0,100,0,100
kill_enemy_that_heatwaved_you,,MEDAL_KILL_ENEMY_THAT_HEATWAVED_YOU,t7_hud_medal_kill_enemy_that_heatwaved_you,,,,TRUE,TRUE,,TRUE,,antispecialist,,0,100,0,100,0,100,0,100,0,100,0,100,0,100,0,100,0,100,0,100,0,100,0,100,0,100,0,100,0,100,0,100,0,100,0,100,0,100,0,100,0,100
ball_capture_carry,SCORE_BALL_CAPTURE_CARRY,MEDAL_BALL_CAPTURE_CARRY,t7_hud_medal_ball_capture_carry,,,combat_efficiency_bonus_1,TRUE,,,TRUE,,gamemode,,0,100,0,100,0,100,0,100,0,100,0,100,0,100,0,100,0,100,0,100,0,100,0,100,0,100,0,100,0,100,0,100,0,100,200,200,0,100,0,100,0,100
ball_capture_throw,SCORE_BALL_CAPTURE_THROW,MEDAL_BALL_CAPTURE_THROW,t7_hud_medal_ball_capture_throw,,,combat_efficiency_bonus_1,TRUE,,,TRUE,,gamemode,,0,100,0,100,0,100,0,100,0,100,0,100,0,100,0,100,0,100,0,100,0,100,0,100,0,100,0,100,0,100,0,100,0,100,125,125,0,100,0,100,0,100
ball_intercept,SCORE_BALL_INTERCEPT,MEDAL_BALL_INTERCEPT,t7_hud_medal_ball_intercept,,,combat_efficiency_bonus_1,TRUE,,,TRUE,,gamemode,,0,100,0,100,0,100,0,100,0,100,0,100,0,100,0,100,0,100,0,100,0,100,0,100,0,100,0,100,0,100,0,100,0,100,0,125,0,100,0,100,0,100
kill_ball_carrier,SCORE_KILL_BALL_CARRIER,MEDAL_KILL_BALL_CARRIER,t7_hud_medal_kill_ball_carrier,,,combat_efficiency_bonus_1,TRUE,,,TRUE,,gamemode,,0,100,0,100,0,100,0,100,0,100,0,100,0,100,0,100,0,100,0,100,0,100,0,100,0,100,0,100,0,100,0,100,0,100,50,50,0,100,0,100,0,100
kill_enemy_while_carrying_ball,SCORE_KILL_ENEMY_WHILE_CARRYING_BALL,MEDAL_KILL_ENEMY_WHILE_CARRYING_BALL,t7_hud_medal_kill_enemy_while_carrying_ball,,,,TRUE,,,TRUE,,gamemode,,0,100,0,100,0,100,0,100,0,100,0,100,0,100,0,100,0,100,0,100,0,100,0,100,0,100,0,100,0,100,0,100,0,100,50,100,0,100,0,100,0,100
ball_capture_assist,SCORE_BALL_CAPTURE_ASSIST,MEDAL_BALL_CAPTURE_ASSIST,t7_hud_medal_ball_capture_assist,,,combat_efficiency_bonus_1,TRUE,,,TRUE,,gamemode,,0,100,0,100,0,100,0,100,0,100,0,100,0,100,0,100,0,100,0,100,0,100,0,100,0,100,0,100,0,100,0,100,0,100,125,125,0,100,0,100,0,100
escort_robot_disable,SCORE_ESCORT_ROBOT_DISABLE,MEDAL_ESCORT_ROBOT_DISABLE,t7_hud_medal_escort_robot_disable,,,combat_efficiency_bonus_1,TRUE,,,TRUE,,gamemode,,0,100,0,100,0,100,0,100,0,100,0,100,0,100,0,100,0,100,0,100,0,100,0,100,0,100,0,100,0,100,0,100,0,100,0,100,150,150,150,150,0,100
escort_robot_disable_near_goal,SCORE_ESCORT_ROBOT_DISABLE,MEDAL_ESCORT_ROBOT_DISABLE_NEAR_GOAL,t7_hud_medal_escort_robot_disable_near_goal,,,combat_efficiency_bonus_1,TRUE,,,TRUE,,gamemode,,0,100,0,100,0,100,0,100,0,100,0,100,0,100,0,100,0,100,0,100,0,100,0,100,0,100,0,100,0,100,0,100,0,100,0,100,150,150,150,150,0,100
escort_robot_disable_assist_25,SCORE_ESCORT_ROBOT_DISABLE_ASSIST,,,,,combat_efficiency_bonus_2,TRUE,,,TRUE,,,,0,100,0,100,0,100,0,100,0,100,0,100,0,100,0,100,0,100,0,100,0,100,0,100,0,100,0,100,0,100,0,100,0,100,0,100,50,100,50,100,0,100
escort_robot_disable_assist_50,SCORE_ESCORT_ROBOT_DISABLE_ASSIST,,,,,combat_efficiency_bonus_1,TRUE,,,TRUE,,,,0,100,0,100,0,100,0,100,0,100,0,100,0,100,0,100,0,100,0,100,0,100,0,100,0,100,0,100,0,100,0,100,0,100,0,100,75,100,75,100,0,100
escort_robot_reboot,SCORE_ESCORT_ROBOT_REBOOT,,,,,combat_efficiency_bonus_1,TRUE,,,TRUE,,,,0,100,0,100,0,100,0,100,0,100,0,100,0,100,0,100,0,100,0,100,0,100,0,100,0,100,0,100,0,100,0,100,0,100,0,100,150,150,150,150,0,100
escort_robot_escort,SCORE_ESCORT_ROBOT_ESCORT,,,,,combat_efficiency_bonus_3,TRUE,,,TRUE,,,,0,100,0,100,0,100,0,100,0,100,0,100,0,100,0,100,0,100,0,100,0,100,0,100,0,100,0,100,0,100,0,100,0,100,0,100,50,100,50,100,0,100
escort_robot_escort_goal,SCORE_ESCORT_ROBOT_ESCORT_GOAL,MEDAL_ESCORT_ROBOT_ESCORT_GOAL,t7_hud_medal_escort_robot_escort_goal,,,combat_efficiency_bonus_1,TRUE,,,TRUE,,gamemode,,0,100,0,100,0,100,0,100,0,100,0,100,0,100,0,100,0,100,0,100,0,100,0,100,0,100,0,100,0,100,0,100,0,100,0,100,300,300,300,300,0,100
dom_point_secured_neutralizing,SCORE_POSITION_SECURE,,,,,combat_efficiency_bonus_1,TRUE,,5,TRUE,,,,0,0,0,0,0,0,0,0,100,0,0,0,0,0,0,0,0,0,0,0,0,0,0,0,0,0,0,0,0,0,0,0,0,0,0,0,0,0,0,0,0,0
dom_point_neutralized_neutralizing,SCORE_ENEMY_POSITION_NEUTRALIZED,,,,,combat_efficiency_bonus_1,TRUE,,5,TRUE,,,,0,0,0,0,0,0,0,0,100,50,0,0,0,0,0,0,0,0,0,0,0,0,0,0,0,0,0,0,0,0,0,0,0,0,0,0,0,0,0,0,0,0
thief_shutdown_enemy,,MEDAL_THIEF_SHUTDOWN_ENEMY,t7_hud_medal_assisted_suicide,,,,TRUE,,,TRUE,,,,0,100,0,100,0,100,0,100,0,100,0,100,0,100,0,100,0,100,0,100,0,100,0,100,0,100,0,100,0,100,0,100,0,100,0,100,0,100,25,25,0,100
minigun_stolen,SCORE_MINIGUN_STOLEN,,,,TRUE,,,,,TRUE,,specialist,,25,25,25,25,25,25,25,25,25,25,25,25,25,25,25,25,25,25,25,25,25,25,25,25,25,25,25,25,25,25,25,25,25,25,25,25,25,25,0,0,25,25
flamethrower_stolen,SCORE_FLAMETHROWER_STOLEN,,,,TRUE,,TRUE,,,TRUE,,,,0,0,0,0,0,0,0,0,0,0,0,0,0,0,0,0,0,0,0,0,0,0,0,0,0,0,0,0,0,0,0,0,0,0,0,0,0,0,0,0,0,0
lightninggun_stolen,SCORE_LIGHTNINGGUN_STOLEN,,,,TRUE,,TRUE,,,TRUE,,,,0,0,0,0,0,0,0,0,0,0,0,0,0,0,0,0,0,0,0,0,0,0,0,0,0,0,0,0,0,0,0,0,0,0,0,0,0,0,0,0,0,0
gelgun_stolen,SCORE_GELGUN_STOLEN,,,,TRUE,,TRUE,,,TRUE,,,,0,0,0,0,0,0,0,0,0,0,0,0,0,0,0,0,0,0,0,0,0,0,0,0,0,0,0,0,0,0,0,0,0,0,0,0,0,0,0,0,0,0
pineapple_stolen,SCORE_PINEAPPLE_STOLEN,,,,TRUE,,TRUE,,,TRUE,,,,0,0,0,0,0,0,0,0,0,0,0,0,0,0,0,0,0,0,0,0,0,0,0,0,0,0,0,0,0,0,0,0,0,0,0,0,0,0,0,0,0,0
armblades_stolen,SCORE_ARMBLADES_STOLEN,,,,TRUE,,TRUE,,,TRUE,,,,0,0,0,0,0,0,0,0,0,0,0,0,0,0,0,0,0,0,0,0,0,0,0,0,0,0,0,0,0,0,0,0,0,0,0,0,0,0,0,0,0,0
bowlauncher_stolen,SCORE_BOWLAUNCHER_STOLEN,,,,TRUE,,TRUE,,,TRUE,,,,0,0,0,0,0,0,0,0,0,0,0,0,0,0,0,0,0,0,0,0,0,0,0,0,0,0,0,0,0,0,0,0,0,0,0,0,0,0,0,0,0,0
gravityspikes_stolen,SCORE_GRAVITYSPIKES_STOLEN,,,,TRUE,,TRUE,,,TRUE,,,,0,0,0,0,0,0,0,0,0,0,0,0,0,0,0,0,0,0,0,0,0,0,0,0,0,0,0,0,0,0,0,0,0,0,0,0,0,0,0,0,0,0
annihilator_stolen,SCORE_ANNIHILATOR_STOLEN,,,,TRUE,,TRUE,,,TRUE,,,,0,0,0,0,0,0,0,0,0,0,0,0,0,0,0,0,0,0,0,0,0,0,0,0,0,0,0,0,0,0,0,0,0,0,0,0,0,0,0,100,0,0
kill_enemy_who_has_full_power,,MEDAL_KILL_ENEMY_WHO_HAS_FULL_POWER,t7_hud_kill_enemy_who_has_full_power,,TRUE,,TRUE,TRUE,4,TRUE,,specialist,,0,100,0,100,0,100,0,100,0,100,0,100,0,100,0,100,0,100,0,100,0,100,0,100,0,100,0,100,0,100,0,100,0,100,0,100,0,100,0,100,0,100
kill_enemy_with_their_hero_weapon,,MEDAL_KILL_ENEMY_WITH_THEIR_HERO_WEAPON,t7_hud_kill_enemy_with_their_hero_weapon,,TRUE,,TRUE,TRUE,4,TRUE,,specialist,,0,100,0,100,0,100,0,100,0,100,0,100,0,100,0,100,0,100,0,100,0,100,0,100,0,100,0,100,0,100,0,100,0,100,0,100,0,100,0,100,0,100
kill_enemy_with_their_hero_ability,,MEDAL_KILL_ENEMY_WITH_THEIR_HERO_ABILITY,t7_hud_kill_enemy_with_their_hero_ability,,TRUE,,TRUE,TRUE,4,TRUE,,specialist,,0,100,0,100,0,100,0,100,0,100,0,100,0,100,0,100,0,100,0,100,0,100,0,100,0,100,0,100,0,100,0,100,0,100,0,100,0,100,0,100,0,100
clean_enemy_collect,SCORE_CLEAN_ENEMY_COLLECT,,,,,combat_efficiency_bonus_2,TRUE,,,TRUE,,,,0,0,0,0,0,0,0,0,100,50,0,0,0,0,0,0,0,0,0,0,0,0,0,0,0,0,0,0,0,0,0,0,0,0,0,0,0,0,25,50,0,0
clean_enemy_deposit,SCORE_CLEAN_ENEMY_DEPOSIT,,,,,combat_efficiency_bonus_2,TRUE,,,TRUE,,,,0,0,0,0,0,0,0,0,100,50,0,0,0,0,0,0,0,0,0,0,0,0,0,0,0,0,0,0,0,0,0,0,0,0,0,0,0,0,50,100,0,0
clean_friendly_collect,SCORE_CLEAN_FRIENDLY_COLLECT,,,,,combat_efficiency_bonus_2,TRUE,,,TRUE,,,,0,0,0,0,0,0,0,0,100,50,0,0,0,0,0,0,0,0,0,0,0,0,0,0,0,0,0,0,0,0,0,0,0,0,0,0,0,0,25,50,0,0
clean_own_collect,SCORE_CLEAN_FRIENDLY_COLLECT,,,,,combat_efficiency_bonus_2,TRUE,,,TRUE,,,,0,0,0,0,0,0,0,0,100,50,0,0,0,0,0,0,0,0,0,0,0,0,0,0,0,0,0,0,0,0,0,0,0,0,0,0,0,0,25,250,0,0
clean_assist_collect,SCORE_CLEAN_ASSIST_COLLECT,,,,,combat_efficiency_bonus_2,TRUE,,,TRUE,,,,0,0,0,0,0,0,0,0,100,50,0,0,0,0,0,0,0,0,0,0,0,0,0,0,0,0,0,0,0,0,0,0,0,0,0,0,0,0,25,50,0,0
clean_kill_enemy_carrying_tacos,,MEDAL_CLEAN_KILL_ENEMY_CARRYING_TACOS,t7_hud_clean_kill_enemy_carrying_tacos,,,,TRUE,TRUE,,TRUE,,gamemode,,0,0,0,0,0,0,0,0,0,0,0,0,0,0,0,0,0,0,0,0,0,0,0,0,0,0,0,0,0,0,0,0,0,0,0,0,0,0,0,100,0,0
clean_multi_deny_tacos,,MEDAL_CLEAN_MULTI_DENY_TACOS,t7_hud_clean_multi_deny_tacos,,,,TRUE,TRUE,,TRUE,,gamemode,,0,0,0,0,0,0,0,0,0,0,0,0,0,0,0,0,0,0,0,0,0,0,0,0,0,0,0,0,0,0,0,0,0,0,0,0,0,0,0,100,0,0
clean_multi_deposit_normal,,MEDAL_CLEAN_MULTI_DEPOSIT_NORMAL,t7_hud_clean_multi_deposit_normal,,,,TRUE,TRUE,,TRUE,,gamemode,,0,0,0,0,0,0,0,0,0,0,0,0,0,0,0,0,0,0,0,0,0,0,0,0,0,0,0,0,0,0,0,0,0,0,0,0,0,0,0,100,0,0
clean_multi_deposit_big,,MEDAL_CLEAN_MULTI_DEPOSIT_BIG,t7_hud_clean_multi_deposit_big,,,,TRUE,TRUE,,TRUE,,gamemode,,0,0,0,0,0,0,0,0,0,0,0,0,0,0,0,0,0,0,0,0,0,0,0,0,0,0,0,0,0,0,0,0,0,0,0,0,0,0,0,200,0,0
destroyed_siegebot,SCORE_DESTROYED_SIEGEBOT,MEDAL_DESTROYED_SIEGEBOT,t7_hud_medal_manticore_man_vs_machine,,TRUE,combat_efficiency_bonus_1,TRUE,TRUE,,TRUE,,,,200,250,300,100,300,100,300,100,300,100,300,100,300,100,300,100,300,100,300,100,0,0,0,0,0,0,0,0,0,0,300,100,300,100,300,100,300,100,300,100,200,250
destroyed_siegebot_assist,SCORE_DESTROYED_SIEGEBOT,,,,TRUE,combat_efficiency_bonus_1,TRUE,,,TRUE,,,,100,125,100,25,100,25,100,25,100,25,100,25,100,25,100,25,100,25,100,25,0,0,0,0,0,0,0,0,0,0,100,25,100,25,100,25,100,25,100,25,100,125
siegebot_killstreak_5,,MEDAL_SIEGEBOT_KILLSTREAK_5,t7_hud_medal_manticore_metal_mayhem,,,,,TRUE,,TRUE,,,,0,250,0,100,0,100,0,100,0,100,0,100,0,100,0,100,0,100,0,100,0,100,0,100,0,100,0,100,0,100,0,100,0,100,50,100,0,100,0,100,0,250
kill_enemy_with_siegebot_crush,,MEDAL_KILL_ENEMY_WITH_SIEGEBOT_CRUSH,t7_hud_medal_manticore_crushing_blow,,TRUE,,TRUE,,,TRUE,,scorestreak,,0,250,0,100,0,100,0,100,0,100,0,100,0,100,0,100,0,100,0,100,0,100,0,100,0,100,0,100,0,100,0,100,0,100,50,100,0,100,0,100,0,250
